date,Plate.SN,well,DIV,trt,dose,units,identity,eligible_identity,spid,meanfiringrate,burst.per.min,mean.isis,per.spikes.in.burst,mean.dur,mean.IBIs,nAE,nABE,ns.n,ns.peak.m,ns.durn.m,ns.percent.of.spikes.in.ns,ns.mean.insis,ns.durn.sd,ns.mean.spikes.in.ns,r,mi
20171011,MW1147-16,A1,5,Flufenacet,0.03,uM,DTXSID2032552,True,TP0001649F04,0.299861910742873,0.2325,0.0703920111498263,25.503,0.3895,65.531,8.0,2.0,0.0,,,0.0,,,,0.00248485412252942,4.27550135723154e-06
20171011,MW1147-16,A2,5,Flufenacet,0.0,uM,DTXSID2032552,True,TP0001649F04,0.877533204286076,1.08,0.127829234841657,22.3456666666667,0.635666666666667,22.367,9.0,3.0,0.0,,,0.0,,,,0.000473370020621611,4.19669614424856e-06
20171011,MW1147-16,A3,5,Flufenacet,0.1,uM,DTXSID2032552,True,TP0001649F04,1.12200299200798,2.61,0.105388927738928,57.189,0.7335,7.24,10.0,2.0,0.0,,,0.0,,,,0.000752239795126161,9.74622564894889e-06
20171011,MW1147-16,A4,5,Flufenacet,0.3,uM,DTXSID2032552,True,TP0001649F04,0.323704566915882,0.02,,0.0,,,3.0,0.0,0.0,,,0.0,,,,0.000243354385295011,2.1079789714086e-06
20171011,MW1147-16,A5,5,Flufenacet,1.0,uM,DTXSID2032552,True,TP0001649F04,0.860081658630455,1.88571428571429,0.0864260483164355,24.6197142857143,0.464,33.4832857142857,14.0,7.0,0.0,,,0.0,,,,0.00389016162296666,3.00741250637044e-05
20171011,MW1147-16,A6,5,Flufenacet,3.0,uM,DTXSID2032552,True,TP0001649F04,1.27716389959756,2.03333333333333,0.109642998431018,22.57575,0.73,34.452,9.0,4.0,0.0,,,0.0,,,,0.00283387175626742,1.3241238783925e-05
20171011,MW1147-16,A7,5,Flufenacet,10.0,uM,DTXSID2032552,True,TP0001649F04,0.448751196669858,0.5025,0.0758060130718948,28.527,0.4,14.905,8.0,1.0,0.0,,,0.0,,,,8.61585793310762e-05,1.85966795158282e-06
20171011,MW1147-16,A8,5,Flufenacet,20.0,uM,DTXSID2032552,True,TP0001649F04,1.15010407704522,3.15818181818182,0.0830854749586933,44.5095,0.50875,11.31575,11.0,4.0,0.0,,,0.0,,,,2.41698205534499e-05,1.03696877748194e-05
20171011,MW1147-16,B1,5,Disulfoton,0.03,uM,DTXSID0022018,True,TP0001649F06,1.12317759831487,4.00714285714286,0.0797658150581163,40.1665,0.4527,22.3268,14.0,10.0,0.0,,,0.0,,,,0.00274066430087834,2.59802979172663e-05
20171011,MW1147-16,B2,5,Disulfoton,0.0,uM,DTXSID0022018,True,TP0001649F06,1.44317845165047,2.26285714285714,0.103085293903939,47.6745,1.56475,33.6895,14.0,4.0,0.0,,,0.0,,,,0.00101006282975557,1.47183663430044e-05
20171011,MW1147-16,B3,5,Disulfoton,0.1,uM,DTXSID0022018,True,TP0001649F06,2.43008584530829,7.74857142857143,0.0922578111311465,49.4742307692308,0.787538461538462,19.1809230769231,14.0,13.0,6.0,9.16666666666667,0.352013888888889,0.221527234818869,124.12,0.115517680424863,11.3333333333333,0.00662625460799912,8.29106915768614e-05
20171011,MW1147-16,B4,5,Disulfoton,0.3,uM,DTXSID0022018,True,TP0001649F06,1.1928236936837,4.38923076923077,0.075084271073661,47.4681428571429,0.426142857142857,9.56071428571429,13.0,7.0,0.0,,,0.0,,,,0.00154864615996763,2.6462248429629e-05
20171011,MW1147-16,B5,5,Disulfoton,1.0,uM,DTXSID0022018,True,TP0001649F06,1.12666967111912,2.37333333333333,0.104734480367583,40.162,0.781333333333333,9.872,9.0,3.0,0.0,,,0.0,,,,0.00454009337007014,4.98549683455862e-06
20171011,MW1147-16,B6,5,Disulfoton,3.0,uM,DTXSID0022018,True,TP0001649F06,0.853613387413477,2.98,0.0630792547669115,47.0025,0.339166666666667,24.8758333333333,12.0,6.0,0.0,,,0.0,,,,0.00370967413773229,1.77294867287139e-05
20171011,MW1147-16,B7,5,Disulfoton,10.0,uM,DTXSID0022018,True,TP0001649F06,0.694668519116051,1.944,0.0750552678836045,35.0265,0.395833333333333,27.0591666666667,10.0,6.0,0.0,,,0.0,,,,0.00232481097595458,1.08360966973475e-05
20171011,MW1147-16,B8,5,Disulfoton,20.0,uM,DTXSID0022018,True,TP0001649F06,1.05600281600751,2.526,0.0842749535623721,28.4008333333333,0.496,36.238,10.0,6.0,0.0,,,0.0,,,,-0.000199339245569751,1.25603154879877e-05
20171011,MW1147-16,C1,5,Fenitrothion,0.03,uM,DTXSID4032613,True,TP0001649F08,0.954129528472393,1.31142857142857,0.0954472124958872,20.2097142857143,0.547428571428571,37.2387142857143,14.0,7.0,0.0,,,0.0,,,,0.000868114274816793,2.1352688754215e-05
20171011,MW1147-16,C2,5,Fenitrothion,0.0,uM,DTXSID4032613,True,TP0001649F08,1.60444872297437,4.235,0.097853695533768,36.4898888888889,0.698222222222222,19.6144444444444,12.0,9.0,0.0,,,0.0,,,,0.00312305207584755,2.81659739136223e-05
20171011,MW1147-16,C3,5,Fenitrothion,0.1,uM,DTXSID4032613,True,TP0001649F08,1.67373462202248,4.68428571428571,0.0832196734521886,39.6216153846154,0.545923076923077,18.3004615384615,14.0,13.0,2.0,6.0,0.180208333333333,0.0898812621221439,135.5,0.151733330129614,9.5,0.00309729967106058,8.0925330095311e-05
20171011,MW1147-16,C4,5,Fenitrothion,0.3,uM,DTXSID4032613,True,TP0001649F08,2.27462145027259,8.35384615384615,0.090488708043464,52.7972,0.6832,5.9314,13.0,10.0,6.0,8.0,0.267916666666667,0.236486486486486,124.65,0.0972807363596034,10.5,0.00991600530635518,0.00116438041164193
20171011,MW1147-16,C5,5,Fenitrothion,1.0,uM,DTXSID4032613,True,TP0001649F08,1.15436815768017,3.78428571428571,0.0727680769018493,60.5195,0.64,14.8221666666667,14.0,6.0,0.0,,,0.0,,,,0.00229781746636686,2.15821571799418e-05
20171011,MW1147-16,C6,5,Fenitrothion,3.0,uM,DTXSID4032613,True,TP0001649F08,1.06919477037797,2.53090909090909,0.0803546254186903,34.2556666666667,0.517833333333333,15.3135,11.0,6.0,0.0,,,0.0,,,,0.00421584499745184,1.22660492307414e-05
20171011,MW1147-16,C7,5,Fenitrothion,10.0,uM,DTXSID4032613,True,TP0001649F08,1.14040708148959,2.36181818181818,0.0821680615963564,32.144,0.606166666666667,31.1165,11.0,6.0,0.0,,,0.0,,,,0.00486488706254984,4.74260034511612e-05
20171011,MW1147-16,C8,5,Fenitrothion,20.0,uM,DTXSID4032613,True,TP0001649F08,0.836891120598544,1.836,0.0848723790087881,35.585,0.455333333333333,13.096,10.0,3.0,0.0,,,0.0,,,,0.00114475162969376,1.06805386066028e-05
20171011,MW1147-16,D1,5,Benzo(b)fluoranthene,0.03,uM,DTXSID0023907,True,TP0001649G02,1.75282518702101,5.34,0.0837860361727848,49.2408888888889,0.833666666666667,16.7205555555556,13.0,9.0,0.0,,,0.0,,,,0.00156878838687423,4.37356954609697e-05
20171011,MW1147-16,D2,5,Benzo(b)fluoranthene,0.0,uM,DTXSID0023907,True,TP0001649G02,1.36889253926899,3.432,0.0918182867219324,40.0914285714286,0.646714285714286,24.9925714285714,10.0,7.0,0.0,,,0.0,,,,0.0031369168271076,2.85674302269507e-05
20171011,MW1147-16,D3,5,Benzo(b)fluoranthene,0.1,uM,DTXSID0023907,True,TP0001649G02,1.11238391873807,2.94857142857143,0.0903088422573923,32.91575,0.44525,24.32675,7.0,4.0,0.0,,,0.0,,,,0.000726357654934617,1.16455463147341e-05
20171011,MW1147-16,D4,5,Benzo(b)fluoranthene,0.3,uM,DTXSID0023907,True,TP0001649G02,1.21393486109125,3.57230769230769,0.097979864834848,45.5815,0.631,16.8725,13.0,6.0,0.0,,,0.0,,,,0.000880908937076363,2.13575759158349e-05
20171011,MW1147-16,D5,5,Benzo(b)fluoranthene,1.0,uM,DTXSID0023907,True,TP0001649G02,0.694244275560492,1.00909090909091,0.108322794394469,28.198,0.667,20.4145,11.0,4.0,0.0,,,0.0,,,,0.000924058769937669,1.56453627560907e-05
20171011,MW1147-16,D6,5,Benzo(b)fluoranthene,3.0,uM,DTXSID0023907,True,TP0001649G02,0.442526432595739,0.578181818181818,0.0628729923722378,22.4723333333333,0.298666666666667,31.9306666666667,11.0,3.0,0.0,,,0.0,,,,-0.000154570917056434,1.35501325002156e-05
20171011,MW1147-16,D7,5,Benzo(b)fluoranthene,10.0,uM,DTXSID0023907,True,TP0001649G02,0.459556781040305,0.156,0.19098509803922,5.02,0.812,79.883,5.0,1.0,0.0,,,0.0,,,,-0.00138876765194998,7.17533056865394e-06
20171011,MW1147-16,D8,5,Benzo(b)fluoranthene,20.0,uM,DTXSID0023907,True,TP0001649G02,0.564816320991671,0.18,0.169083428571435,4.115,0.74,113.401,3.0,1.0,0.0,,,0.0,,,,0.00101437484279591,0.0
20171011,MW1147-16,E1,5,Fluorene,0.03,uM,DTXSID8024105,True,TP0001649H04,1.65659171916522,4.73571428571429,0.101870082401326,45.4538888888889,0.708222222222222,16.0183333333333,14.0,9.0,0.0,,,0.0,,,,0.0029620923440734,3.24722572217939e-05
20171011,MW1147-16,E2,5,Fluorene,0.0,uM,DTXSID8024105,True,TP0001649H04,1.32936862434808,2.82,0.0783954781550793,36.1588,0.7426,40.5577,14.0,10.0,6.0,10.3333333333333,0.234513888888889,0.584133039279967,145.23,0.0336633833657526,16.3333333333333,0.00898010298842187,5.29073337071578e-05
20171011,MW1147-16,E3,5,Fluorene,0.1,uM,DTXSID8024105,True,TP0001649H04,0.47629756642314,1.055,0.0544073582308751,57.5125,0.3635,23.65525,12.0,4.0,0.0,,,0.0,,,,0.0088928469097967,1.83978210026803e-05
20171011,MW1147-16,E4,5,Fluorene,0.3,uM,DTXSID8024105,True,TP0001649H04,0.925002466673244,1.985,0.10094757621422,27.3034,0.6118,29.7128,12.0,5.0,0.0,,,0.0,,,,0.00250189659339459,3.23060017758281e-05
20171011,MW1147-16,E5,5,Fluorene,1.0,uM,DTXSID8024105,True,TP0001649H04,1.17694758297133,3.265,0.0769015032951559,43.9558888888889,0.596555555555556,29.3376666666667,12.0,9.0,2.0,7.5,0.226041666666667,0.187543955614597,90.1,0.010311973892304,12.0,0.0101352602285102,0.00011558399250958
20171011,MW1147-16,E6,5,Fluorene,3.0,uM,DTXSID8024105,True,TP0001649H04,1.22176251729264,3.795,0.0874162202455574,41.245,0.498142857142857,24.6284285714286,12.0,7.0,0.0,,,0.0,,,,0.00116757193736668,1.67528043013496e-05
20171011,MW1147-16,E7,5,Fluorene,10.0,uM,DTXSID8024105,True,TP0001649H04,0.648082536300905,1.62,0.0568976014465953,53.2854285714286,0.430714285714286,31.9738571428571,11.0,7.0,1.0,6.0,0.325,0.215020734142221,,,14.0,0.010969032005372,7.21381073357508e-05
20171011,MW1147-16,E8,5,Fluorene,20.0,uM,DTXSID8024105,True,TP0001649H04,0.780989736960286,1.58,0.106516793096037,31.129625,0.562375,47.881375,9.0,8.0,0.0,,,0.0,,,,0.00111293316151839,1.19964101925098e-05
20171011,MW1147-16,F2,5,Acenaphthylene,0.0,uM,DTXSID3023845,True,TP0001649H08,1.07162678929537,2.70923076923077,0.0826605327352355,43.3437142857143,0.598285714285714,26.0024285714286,13.0,7.0,0.0,,,0.0,,,,0.00530910401391672,1.7477922415012e-05
20171011,MW1147-16,F3,5,Acenaphthylene,0.1,uM,DTXSID3023845,True,TP0001649H08,0.480927208398482,0.95,0.0718772747999044,33.8386666666667,0.379666666666667,36.5143333333333,6.0,3.0,0.0,,,0.0,,,,0.0076348262863267,1.83595683484993e-05
20171011,MW1147-16,F4,5,Acenaphthylene,0.3,uM,DTXSID3023845,True,TP0001649H08,1.05389169926675,2.67,0.0499581051574355,63.3915555555556,0.545666666666667,30.1818888888889,12.0,9.0,25.0,8.72,0.315616666666667,3.7037037037037,36.0125,0.106263896150104,17.08,0.0546700878167911,0.000805952429914117
20171011,MW1147-16,F5,5,Acenaphthylene,1.0,uM,DTXSID3023845,True,TP0001649H08,1.14366971645258,1.932,0.0729998875272261,35.332,0.580833333333333,25.2241666666667,10.0,6.0,1.0,7.0,0.1875,0.0964320154291225,,,10.0,0.00747492226212325,5.53303547405695e-05
20171011,MW1147-16,F6,5,Acenaphthylene,3.0,uM,DTXSID3023845,True,TP0001649H08,0.691454835332552,1.92461538461538,0.0659367658706051,47.512125,0.402875,27.28325,13.0,8.0,3.0,7.33333333333333,0.241527777777778,0.38116316242469,264.275,0.11639874991374,10.3333333333333,0.0151377860361743,8.33616592050517e-05
20171011,MW1147-16,F7,5,Acenaphthylene,10.0,uM,DTXSID3023845,True,TP0001649H08,0.490343187923715,1.17230769230769,0.0640835811562379,42.743375,0.41325,38.554125,13.0,8.0,9.0,9.33333333333333,0.185291005291005,1.93559438163755,105.34375,0.0524958615523855,12.5555555555556,0.0240950578498649,0.000121835382848589
20171011,MW1147-16,F8,5,Acenaphthylene,20.0,uM,DTXSID3023845,True,TP0001649H08,0.499075404941821,0.33,0.1111,15.684,0.508,40.108,6.0,1.0,0.0,,,0.0,,,,0.000462720102903797,7.14993722067403e-06
20171011,MW1147-16,A1,7,Flufenacet,0.03,uM,DTXSID2032552,True,TP0001649F04,1.13733636623031,1.672,0.0465202265135923,41.9003333333333,0.427416666666667,31.1729166666667,15.0,12.0,25.0,12.64,0.20560119047619,5.15121951219512,35.0416666666667,0.088439745733029,31.68,0.0616530304153098,0.00116497193561767
20171011,MW1147-16,A2,7,Flufenacet,0.0,uM,DTXSID2032552,True,TP0001649F04,1.57674494539393,2.664,0.0576417279097228,51.2436923076923,0.982769230769231,26.5057692307692,15.0,13.0,24.0,13.3333333333333,0.309029017857143,4.63392899019746,35.2630434782609,0.118466329865672,41.1666666666667,0.0712300313845233,0.0016995817430241
20171011,MW1147-16,A3,7,Flufenacet,0.1,uM,DTXSID2032552,True,TP0001649F04,1.86208829890213,6.2025,0.06706321510864,58.2955714285714,0.555357142857143,16.1028571428571,16.0,14.0,31.0,14.5483870967742,0.213373801377834,5.06451853509361,28.5583333333333,0.0739477362362344,43.8064516129032,0.0668597673823294,0.00151709765784949
20171011,MW1147-16,A4,7,Flufenacet,0.3,uM,DTXSID2032552,True,TP0001649F04,1.53625409667759,2.8125,0.0808767931498982,45.13375,1.250875,30.613375,8.0,8.0,15.0,8.0,0.138547619047619,2.23218287763335,54.6392857142857,0.039212883428248,16.6,0.0429392033059859,0.000261470390811897
20171011,MW1147-16,A5,7,Flufenacet,1.0,uM,DTXSID2032552,True,TP0001649F04,2.43590927353584,6.54375,0.0565495281965022,64.325125,0.7366875,13.9238125,16.0,16.0,32.0,15.15625,0.353816034226191,5.97827636342903,26.5290322580645,0.0752928146072902,65.53125,0.107015800428681,0.00392147410986276
20171011,MW1147-16,A6,7,Flufenacet,3.0,uM,DTXSID2032552,True,TP0001649F04,2.5088955792771,4.75285714285714,0.0583301919575824,61.9919285714286,1.24535714285714,16.973,14.0,14.0,32.0,13.875,0.297724144345238,4.70053070507961,27.3596774193548,0.0616389497767768,46.5,0.104877305596771,0.00229120204520765
20171011,MW1147-16,A7,7,Flufenacet,10.0,uM,DTXSID2032552,True,TP0001649F04,1.22541067516921,1.94,0.0628363828856723,37.7248461538462,0.647538461538462,38.3668461538462,15.0,13.0,29.0,11.2413793103448,0.225789545703339,5.22702637600867,30.1589285714286,0.0674016696388147,29.9310344827586,0.054477827605698,0.000959348368592748
20171011,MW1147-16,A8,7,Flufenacet,20.0,uM,DTXSID2032552,True,TP0001649F04,1.05889171260012,2.44714285714286,0.080165470841585,40.8993,0.6277,27.0845,14.0,10.0,18.0,11.3333333333333,0.220660974827641,3.04137159895639,50.0029411764706,0.0872881564686527,22.6666666666667,0.0327965749326541,0.000217397955007143
20171011,MW1147-16,B1,7,Disulfoton,0.03,uM,DTXSID0022018,True,TP0001649F06,2.37837671270827,5.072,0.0477085725086913,65.4536,0.890266666666667,15.9776666666667,15.0,15.0,29.0,14.5862068965517,0.361293103448276,6.80282698714157,30.2910714285714,0.102504290987922,75.3448275862069,0.123487086498658,0.00455895810465334
20171011,MW1147-16,B2,7,Disulfoton,0.0,uM,DTXSID0022018,True,TP0001649F06,1.93840794686564,4.73625,0.0577203552219938,54.0832666666667,0.6538,22.8306,16.0,15.0,34.0,14.1470588235294,0.270509453781513,6.73879554329524,26.4015151515152,0.0682621333640799,55.3235294117647,0.0904398385978489,0.00279973735796018
20171011,MW1147-16,B3,7,Disulfoton,0.1,uM,DTXSID0022018,True,TP0001649F06,3.45118975872825,6.5475,0.0559545858560801,69.6895625,1.3626875,10.7370625,16.0,16.0,37.0,14.8648648648649,0.525944337194337,5.15926514678954,24.2652777777778,0.104557049252356,69.2972972972973,0.133319559757171,0.00678027059843772
20171011,MW1147-16,B4,7,Disulfoton,0.3,uM,DTXSID0022018,True,TP0001649F06,2.04708879223678,5.32125,0.0348455141584892,69.2634375,0.519,19.6914375,16.0,16.0,37.0,14.2702702702703,0.344675568425568,9.31202930999389,24.1458333333333,0.100232839378005,74.1891891891892,0.174368127023323,0.00621429374509016
20171011,MW1147-16,B5,7,Disulfoton,1.0,uM,DTXSID0022018,True,TP0001649F06,1.34278135852807,2.6925,0.0445955104377139,58.2267142857143,0.526714285714286,27.1448571428571,16.0,14.0,30.0,13.7666666666667,0.278960317460318,8.44021514273893,28.0189655172414,0.0724595575125417,54.4,0.119734463573763,0.00312221200667783
20171011,MW1147-16,B6,7,Disulfoton,3.0,uM,DTXSID0022018,True,TP0001649F06,1.25423945574966,4.07625,0.0418204001392205,65.4608125,0.467875,29.8230625,16.0,16.0,31.0,13.5483870967742,0.25642089093702,7.30302862521455,27.2383333333333,0.0601438141307745,42.5483870967742,0.121888434013363,0.00233763918450008
20171011,MW1147-16,B7,7,Disulfoton,10.0,uM,DTXSID0022018,True,TP0001649F06,0.998197106303395,2.9175,0.0394462463235887,56.8367857142857,0.406,33.6054285714286,16.0,14.0,21.0,15.047619047619,0.248853930461073,7.96577153193266,42.8,0.049072735222134,54.5238095238095,0.138110798461034,0.0032519113461168
20171011,MW1147-16,B8,7,Disulfoton,20.0,uM,DTXSID0022018,True,TP0001649F06,1.43083714889906,3.9825,0.064196646181319,48.1328125,0.5734375,22.351875,16.0,16.0,20.0,13.2,0.27855505952381,3.97010289264221,41.5421052631579,0.130311592774178,40.9,0.0498152605700565,0.00115957869980584
20171011,MW1147-16,C1,7,Fenitrothion,0.03,uM,DTXSID4032613,True,TP0001649F08,1.62528211186341,4.215,0.0491805705617017,57.8634,0.5644,20.0280666666667,16.0,15.0,42.0,13.8095238095238,0.27609764739229,7.72090240984447,20.9987804878049,0.0823705515216326,43.0238095238095,0.127860078906476,0.00407744145259682
20171011,MW1147-16,C2,7,Fenitrothion,0.0,uM,DTXSID4032613,True,TP0001649F08,2.73236839742684,5.71875,0.049770108092608,61.3631875,0.803125,15.412625,16.0,16.0,36.0,14.9166666666667,0.400759604978355,6.84694759314797,23.4714285714286,0.113363339081597,74.8333333333333,0.136761590893854,0.00592468223734427
20171011,MW1147-16,C3,7,Fenitrothion,0.1,uM,DTXSID4032613,True,TP0001649F08,2.4743121537213,5.00625,0.0394085149379375,63.096375,0.682,14.4051875,16.0,16.0,44.0,14.6590909090909,0.404729437229437,7.13163064833006,20.0197674418605,0.0950134262541713,57.75,0.15357546229949,0.00669708074023444
20171011,MW1147-16,C4,7,Fenitrothion,0.3,uM,DTXSID4032613,True,TP0001649F08,2.55549292575891,5.91,0.0396804889981584,71.2608,0.7058,14.8041333333333,16.0,15.0,36.0,14.75,0.35973544973545,6.95942824533275,24.2328571428571,0.0844751134570342,71.1388888888889,0.157835123943934,0.006628876069483
20171011,MW1147-16,C5,7,Fenitrothion,1.0,uM,DTXSID4032613,True,TP0001649F08,2.09156113305191,5.472,0.0526021750137514,68.0269285714286,0.708571428571429,15.1709285714286,15.0,14.0,42.0,13.2619047619048,0.347290958049887,7.24140370737229,19.8756097560976,0.0850447257641921,48.7380952380952,0.126051666428094,0.00397536806733545
20171011,MW1147-16,C6,7,Fenitrothion,3.0,uM,DTXSID4032613,True,TP0001649F08,2.32382564131282,5.77125,0.0560473656172275,57.731125,0.699125,19.730875,16.0,16.0,33.0,14.4545454545455,0.321419552669553,4.85013298269731,25.4828125,0.0742430938880131,49.1818181818182,0.0989196395950422,0.00262299848470252
20171011,MW1147-16,C7,7,Fenitrothion,10.0,uM,DTXSID4032613,True,TP0001649F08,2.35556183705379,5.26285714285714,0.0584470313986044,58.9818461538462,0.741,26.4546153846154,14.0,13.0,47.0,11.1489361702128,0.318417553191489,5.33033285191281,18.6336956521739,0.103474135053659,33.7659574468085,0.0861099287670048,0.00238553548209317
20171011,MW1147-16,C8,7,Fenitrothion,20.0,uM,DTXSID4032613,True,TP0001649F08,1.13081783032903,4.728,0.0666536570918521,56.9853,0.447,16.6028,15.0,10.0,15.0,9.26666666666667,0.230380952380952,1.17254028560199,57.5607142857143,0.0623301132933484,11.9333333333333,0.0189055731986294,0.00015518158122317
20171011,MW1147-16,D1,7,Benzo(b)fluoranthene,0.03,uM,DTXSID0023907,True,TP0001649G02,2.27667273779397,4.1175,0.0468094578778079,48.972125,0.934875,22.4855625,16.0,16.0,26.0,14.8846153846154,0.279774877899878,5.45387994143485,34.218,0.0523027928005891,68.7692307692308,0.0953596304896762,0.0034997910273999
20171011,MW1147-16,D2,7,Benzo(b)fluoranthene,0.0,uM,DTXSID0023907,True,TP0001649G02,2.07911665542219,4.644,0.0424316443161208,60.3778,0.5046,23.773,15.0,15.0,36.0,13.1111111111111,0.263007731080648,6.17283950617284,23.7314285714286,0.0620655076788008,48.1944444444444,0.12638061360111,0.0030596073702952
20171011,MW1147-16,D3,7,Benzo(b)fluoranthene,0.1,uM,DTXSID0023907,True,TP0001649G02,1.24189220060142,2.964,0.0678606459825352,37.9603333333333,0.488333333333333,28.5903333333333,10.0,9.0,21.0,8.57142857142857,0.187176870748299,4.08308816974236,40.84,0.0592839649155886,21.8095238095238,0.0395200156151035,0.000559874211074569
20171011,MW1147-16,D4,7,Benzo(b)fluoranthene,0.3,uM,DTXSID0023907,True,TP0001649G02,2.05896845354551,5.172,0.0686750160749623,50.5588461538462,0.693153846153846,15.0005384615385,15.0,13.0,38.0,12.3684210526316,0.239756683375104,4.17175271056222,22.1094594594595,0.0587797588382615,30.5789473684211,0.0557200756880293,0.00146609136471838
20171011,MW1147-16,D5,7,Benzo(b)fluoranthene,1.0,uM,DTXSID0023907,True,TP0001649G02,1.11392889640298,3.104,0.0594155105137479,45.9669230769231,0.484384615384615,22.2799230769231,15.0,13.0,19.0,12.4210526315789,0.209109231411863,3.56032029647277,45.5944444444444,0.0394578060366359,28.3157894736842,0.0527399901549085,0.000881961144673593
20171011,MW1147-16,D6,7,Benzo(b)fluoranthene,3.0,uM,DTXSID0023907,True,TP0001649G02,0.905081778630775,2.77285714285714,0.0508179554947959,43.2899166666667,0.354166666666667,25.7254166666667,14.0,12.0,23.0,13.3478260869565,0.167280527443571,5.01436406372421,39.0931818181818,0.026362938985321,25.0434782608696,0.0713564181635557,0.000827878160104424
20171011,MW1147-16,D7,7,Benzo(b)fluoranthene,10.0,uM,DTXSID0023907,True,TP0001649G02,0.828176811646101,2.00142857142857,0.069982094798242,41.3957142857143,0.435142857142857,23.2878571428571,14.0,7.0,15.0,10.6,0.203083333333333,1.87744210425998,55.5214285714286,0.0656232959982253,13.1333333333333,0.0271333652358999,0.000240352725324261
20171011,MW1147-16,D8,7,Benzo(b)fluoranthene,20.0,uM,DTXSID0023907,True,TP0001649G02,0.942729786673371,1.72909090909091,0.0816684237200339,24.07,0.4718,47.6398,11.0,5.0,1.0,7.0,0.11625,0.0848716316571186,,,8.0,0.0101555626261228,5.34080224734446e-05
20171011,MW1147-16,E1,7,Fluorene,0.03,uM,DTXSID8024105,True,TP0001649H04,2.54368733872179,5.7,0.0506815090258649,60.060375,1.2424375,22.7399375,16.0,16.0,15.0,16.0,0.294031746031746,3.83302847470583,59.5178571428571,0.0363875838360231,93.6,0.0970533077163803,0.00344819954742072
20171011,MW1147-16,E2,7,Fluorene,0.0,uM,DTXSID8024105,True,TP0001649H04,1.55299025241845,4.5525,0.0290345475050168,69.7221875,0.367375,20.7915,16.0,16.0,26.0,16.0,0.277820096570097,10.1998837365291,32.952,0.0364552532192012,87.7307692307692,0.20115737504392,0.00570630429467913
20171011,MW1147-16,E3,7,Fluorene,0.1,uM,DTXSID8024105,True,TP0001649H04,1.60993021907318,3.976,0.0408356864182672,58.9475454545455,0.469818181818182,21.5309090909091,15.0,11.0,31.0,13.8387096774194,0.211830197132616,7.05882352941176,28.7233333333333,0.050892787000308,49.5483870967742,0.100662621945838,0.00248941036087315
20171011,MW1147-16,E4,7,Fluorene,0.3,uM,DTXSID8024105,True,TP0001649H04,2.33958957223886,5.05125,0.0515075277274397,53.1142142857143,0.696928571428571,16.421,16.0,14.0,38.0,14.8157894736842,0.295294747284879,6.7171267438409,23.3743243243243,0.0624940324769483,59.5526315789474,0.102848119237724,0.00384778735380346
20171011,MW1147-16,E5,7,Fluorene,1.0,uM,DTXSID8024105,True,TP0001649H04,1.40643232191476,3.96428571428571,0.0327516482550632,76.7682142857143,0.481571428571429,17.4518571428571,14.0,14.0,37.0,14.5675675675676,0.285919133419133,11.8334550766983,23.7333333333333,0.0531426895853783,56.9189189189189,0.227578836085635,0.00566547853071345
20171011,MW1147-16,E6,7,Fluorene,3.0,uM,DTXSID8024105,True,TP0001649H04,1.80264369593874,4.93125,0.0473843038243682,58.62175,0.53625,22.702,16.0,16.0,36.0,15.3333333333333,0.232209019761103,6.25626011248941,24.8928571428571,0.0540489812063419,45.1111111111111,0.1379580394559,0.00244434055482039
20171011,MW1147-16,E7,7,Fluorene,10.0,uM,DTXSID8024105,True,TP0001649H04,1.19690795365931,3.36,0.0404633007538572,58.2065714285714,0.397928571428571,22.108,14.0,14.0,35.0,13.4857142857143,0.245024943310658,12.2877716852745,24.9852941176471,0.0629096632628117,53.1428571428571,0.147236406196894,0.00350088103397755
20171011,MW1147-16,E8,7,Fluorene,20.0,uM,DTXSID8024105,True,TP0001649H04,1.61799042575225,3.915,0.0470900173789552,50.8888125,0.4795625,21.8629375,16.0,16.0,27.0,15.5185185185185,0.23397266313933,7.76428172882956,32.5038461538462,0.0382801629712052,67.0,0.114150023641538,0.00272737328812154
20171011,MW1147-16,F2,7,Acenaphthylene,0.0,uM,DTXSID3023845,True,TP0001649H08,1.14590583352667,2.30625,0.0404482341408225,50.3909333333333,0.3618,30.5786666666667,16.0,15.0,27.0,15.6296296296296,0.238792801848357,7.52681655657233,32.9826923076923,0.0364111922711983,46.0,0.129396906594699,0.00222412724642335
20171011,MW1147-16,F3,7,Acenaphthylene,0.1,uM,DTXSID3023845,True,TP0001649H08,0.581881893565391,1.44923076923077,0.0417345261093933,62.961625,0.40825,26.447875,13.0,8.0,30.0,10.5666666666667,0.204660714285714,10.3398199244845,29.7258620689655,0.0467165455254431,23.7333333333333,0.104297232831754,0.0011417161620307
20171011,MW1147-16,F4,7,Acenaphthylene,0.3,uM,DTXSID3023845,True,TP0001649H08,1.66562944167851,3.67875,0.0423331657268585,54.6300625,0.53475,19.3409375,16.0,16.0,33.0,15.5151515151515,0.309821127946128,7.60892224306858,25.7640625,0.0539058285644894,55.3030303030303,0.142602116332316,0.0040416586098831
20171011,MW1147-16,F5,7,Acenaphthylene,1.0,uM,DTXSID3023845,True,TP0001649H08,1.9924497576438,3.372,0.0474200355912076,62.9659285714286,1.8115,17.5048571428571,15.0,14.0,38.0,14.4210526315789,0.282788220551378,6.14734344295725,23.2716216216216,0.0550482236070233,43.6315789473684,0.116420412981479,0.00254093811189663
20171011,MW1147-16,F6,7,Acenaphthylene,3.0,uM,DTXSID3023845,True,TP0001649H08,1.63236546408568,4.51875,0.0501419283667688,61.8533333333333,0.563133333333333,19.9588666666667,16.0,15.0,28.0,15.6428571428571,0.299768282312925,7.04075555177401,32.5055555555556,0.0507566121087393,59.1071428571429,0.135590223384152,0.00315143587097612
20171011,MW1147-16,F7,7,Acenaphthylene,10.0,uM,DTXSID3023845,True,TP0001649H08,1.55493470204809,3.32625,0.0470543159119824,55.4706666666667,0.573,19.7588,16.0,15.0,29.0,15.1379310344828,0.338334359605911,6.91795810816846,29.8892857142857,0.0601539206475418,53.4137931034483,0.127682557829685,0.00400162999611625
20171011,MW1147-16,F8,7,Acenaphthylene,20.0,uM,DTXSID3023845,True,TP0001649H08,1.18844761363808,3.448,0.0484586690332503,51.9447142857143,0.436714285714286,27.2981428571429,15.0,14.0,31.0,12.4193548387097,0.257425784341107,5.4188416604524,28.7683333333333,0.0636124005616696,28.1290322580645,0.0851052466710573,0.00138133570356005
20171011,MW1147-26,A1,5,Flufenacet,0.03,uM,DTXSID2032552,True,TP0001649F04,1.09968517892697,2.78571428571429,0.147018054758963,30.493,0.802333333333333,16.7533333333333,7.0,3.0,0.0,,,0.0,,,,0.00056684300510668,4.30565928971616e-06
20171011,MW1147-26,A2,5,Flufenacet,0.0,uM,DTXSID2032552,True,TP0001649F04,0.491297475410237,0.24,0.166711489361702,7.311,0.746,33.579,6.0,1.0,0.0,,,0.0,,,,0.00314934826759678,1.90678384988374e-06
20171011,MW1147-26,A3,5,Flufenacet,0.1,uM,DTXSID2032552,True,TP0001649F04,0.907224399560781,3.375,0.0671684106566642,63.3456666666667,0.359666666666667,16.3413333333333,4.0,3.0,0.0,,,0.0,,,,0.0067010886611381,1.08646835474124e-06
20171011,MW1147-26,A4,5,Flufenacet,0.3,uM,DTXSID2032552,True,TP0001649F04,0.899779937249627,1.68,0.103419908939943,31.863,0.534375,39.657875,10.0,8.0,0.0,,,0.0,,,,0.00375018700690608,2.56556317806515e-05
20171011,MW1147-26,A5,5,Flufenacet,1.0,uM,DTXSID2032552,True,TP0001649F04,0.93074297452388,1.89,0.081870340782121,34.5575,0.4365,25.0105,6.0,2.0,0.0,,,0.0,,,,0.000307075033970222,2.2053898298402e-06
20171011,MW1147-26,A6,5,Flufenacet,3.0,uM,DTXSID2032552,True,TP0001649F04,0.446389960224793,0.87,0.0456070153428843,41.2365,0.2495,65.029,4.0,2.0,0.0,,,0.0,,,,0.0161417894018242,5.41483378448254e-05
20171011,MW1147-26,A7,5,Flufenacet,10.0,uM,DTXSID2032552,True,TP0001649F04,0.572223595558852,0.756,0.0724768604954349,18.9105,0.3235,44.656,5.0,2.0,0.0,,,0.0,,,,0.00473162115294037,4.39235536101035e-06
20171011,MW1147-26,A8,5,Flufenacet,20.0,uM,DTXSID2032552,True,TP0001649F04,0.242361692779174,0.1125,0.0588019047619057,11.512,0.274,65.72,8.0,1.0,0.0,,,0.0,,,,0.00164394680062011,1.15806291542397e-07
20171011,MW1147-26,B1,5,Disulfoton,0.03,uM,DTXSID0022018,True,TP0001649F06,0.667038637929768,0.84,0.11750911220604,15.136,0.573666666666667,29.251,9.0,3.0,0.0,,,0.0,,,,0.00113831126139721,1.15296129903075e-06
20171011,MW1147-26,B2,5,Disulfoton,0.0,uM,DTXSID0022018,True,TP0001649F06,1.58819825612026,3.9825,0.095492723308392,28.7468333333333,0.572666666666667,29.9631666666667,8.0,7.0,0.0,,,0.0,,,,0.0014141551226826,1.89253227403771e-05
20171011,MW1147-26,B3,5,Disulfoton,0.1,uM,DTXSID0022018,True,TP0001649F06,1.31972538956316,4.56,0.0856327498328967,42.2724545454545,0.569,21.8724545454545,16.0,11.0,1.0,6.0,0.5,0.052620500947169,,,10.0,0.00271760643044045,6.77667183559327e-05
20171011,MW1147-26,B4,5,Disulfoton,0.3,uM,DTXSID0022018,True,TP0001649F06,0.413000991202379,0.66,0.0760374501439977,37.90675,0.415,45.57675,10.0,4.0,0.0,,,0.0,,,,0.00805894741390516,1.41501122169485e-05
20171011,MW1147-26,B5,5,Disulfoton,1.0,uM,DTXSID0022018,True,TP0001649F06,1.33841591061088,2.99142857142857,0.0821275910258906,22.527,0.446333333333333,43.2138333333333,7.0,6.0,0.0,,,0.0,,,,0.00239283129104109,7.0825133619945e-06
20171011,MW1147-26,B6,5,Disulfoton,3.0,uM,DTXSID0022018,True,TP0001649F06,0.540779075647559,0.852,0.0771161821823302,30.5913333333333,0.442,43.227,10.0,3.0,0.0,,,0.0,,,,0.0015425883501031,9.81613978600637e-06
20171011,MW1147-26,B7,5,Disulfoton,10.0,uM,DTXSID0022018,True,TP0001649F06,0.694763572194478,2.32285714285714,0.076996963848616,58.702,0.466,7.0755,7.0,2.0,0.0,,,0.0,,,,0.00190464133444873,4.66111776685948e-06
20171011,MW1147-26,B8,5,Disulfoton,20.0,uM,DTXSID0022018,True,TP0001649F06,0.399842229462621,0.154285714285714,0.139328421052631,5.839,0.588,80.546,7.0,1.0,0.0,,,0.0,,,,0.000268700488450873,1.64843904713885e-07
20171011,MW1147-26,C1,5,Fenitrothion,0.03,uM,DTXSID4032613,True,TP0001649F08,0.994863498783508,3.06,0.103887083838663,47.3703333333333,0.611,18.3886666666667,8.0,3.0,0.0,,,0.0,,,,0.000647843656289573,9.709899965335e-06
20171011,MW1147-26,C2,5,Fenitrothion,0.0,uM,DTXSID4032613,True,TP0001649F08,1.38513152944388,3.98769230769231,0.103736835066575,36.865875,0.616,16.6245,13.0,8.0,0.0,,,0.0,,,,0.002122219451543,3.2221238159913e-05
20171011,MW1147-26,C3,5,Fenitrothion,0.1,uM,DTXSID4032613,True,TP0001649F08,1.25685486830354,3.36,0.104224604944508,39.867,0.699166666666667,23.7831666666667,12.0,6.0,0.0,,,0.0,,,,0.00226668283450452,1.66718429950447e-05
20171011,MW1147-26,C4,5,Fenitrothion,0.3,uM,DTXSID4032613,True,TP0001649F08,1.49656924833185,4.58727272727273,0.0984735566924379,46.2774,0.781,16.1552,11.0,5.0,0.0,,,0.0,,,,0.00178012300284269,1.81759625101363e-05
20171011,MW1147-26,C5,5,Fenitrothion,1.0,uM,DTXSID4032613,True,TP0001649F08,0.862779848449414,2.87,0.0836778055921856,38.0664,0.5044,34.161,12.0,5.0,0.0,,,0.0,,,,0.00122911747261467,9.87366977188893e-06
20171011,MW1147-26,C6,5,Fenitrothion,3.0,uM,DTXSID4032613,True,TP0001649F08,1.13389161022875,2.91857142857143,0.0898742111107186,49.303,0.7795,18.6945,14.0,4.0,0.0,,,0.0,,,,0.00246122254656747,2.1867766622544e-05
20171011,MW1147-26,C7,5,Fenitrothion,10.0,uM,DTXSID4032613,True,TP0001649F08,0.866946525116105,1.865,0.1147290704756,33.139,0.5945,11.2675,12.0,4.0,0.0,,,0.0,,,,0.00025193103813593,1.27184338813741e-05
20171011,MW1147-26,C8,5,Fenitrothion,20.0,uM,DTXSID4032613,True,TP0001649F08,2.02311596658943,5.652,0.0777212851667649,82.344,2.0195,2.429,5.0,2.0,0.0,,,0.0,,,,0.00147465025123067,5.75715451692216e-06
20171011,MW1147-26,D1,5,Benzo(b)fluoranthene,0.03,uM,DTXSID0023907,True,TP0001649G02,1.48555912089745,3.14,0.13819587355315,25.4088,0.7632,15.5796,9.0,5.0,0.0,,,0.0,,,,0.0008957409855533,2.105699363536e-05
20171011,MW1147-26,D2,5,Benzo(b)fluoranthene,0.0,uM,DTXSID0023907,True,TP0001649G02,0.895557704894047,2.934,0.0632326273867985,50.5098,0.4098,13.3584,10.0,5.0,0.0,,,0.0,,,,0.0035878005684142,2.14167086285252e-05
20171011,MW1147-26,D3,5,Benzo(b)fluoranthene,0.1,uM,DTXSID0023907,True,TP0001649G02,0.631482997040674,1.82666666666667,0.0644299102917988,47.3006666666667,0.447,18.192,9.0,3.0,0.0,,,0.0,,,,0.00149103822045104,1.17987430495875e-05
20171011,MW1147-26,D4,5,Benzo(b)fluoranthene,0.3,uM,DTXSID0023907,True,TP0001649G02,0.77926112948597,1.22,0.120104355387284,18.4636666666667,0.573666666666667,58.6306666666667,9.0,3.0,0.0,,,0.0,,,,0.00104781901717496,5.59509956299387e-06
20171011,MW1147-26,D5,5,Benzo(b)fluoranthene,1.0,uM,DTXSID0023907,True,TP0001649G02,0.802100690473756,1.12666666666667,0.0928694186806909,23.4176666666667,0.473666666666667,43.1336666666667,9.0,3.0,0.0,,,0.0,,,,-0.000404906391262885,1.53571433254523e-05
20171011,MW1147-26,D6,5,Benzo(b)fluoranthene,3.0,uM,DTXSID0023907,True,TP0001649G02,1.27180860789621,3.69,0.0948997465724316,71.19,0.958,3.8025,8.0,2.0,0.0,,,0.0,,,,0.00148788061326934,1.48764317929373e-05
20171011,MW1147-26,D7,5,Benzo(b)fluoranthene,10.0,uM,DTXSID0023907,True,TP0001649G02,0.261111737779282,0.015,,0.0,,,4.0,0.0,0.0,,,0.0,,,,0.0020035135091047,1.64611059209202e-06
20171011,MW1147-26,D8,5,Benzo(b)fluoranthene,20.0,uM,DTXSID0023907,True,TP0001649G02,0.0,0.0,,0.0,,,0.0,0.0,0.0,,,0.0,,,,0.0,0.0
20171011,MW1147-26,E1,5,Fluorene,0.03,uM,DTXSID8024105,True,TP0001649H04,1.38528110245242,2.575,0.0941753409580762,45.3728,1.1028,21.7722,12.0,5.0,0.0,,,0.0,,,,0.00114093384240356,2.01046573696378e-05
20171011,MW1147-26,E2,5,Fluorene,0.0,uM,DTXSID8024105,True,TP0001649H04,1.60959982263553,5.77090909090909,0.0802772417661922,57.445,0.607428571428571,17.502,11.0,7.0,0.0,,,0.0,,,,0.00306073131391453,2.72573082725214e-05
20171011,MW1147-26,E3,5,Fluorene,0.1,uM,DTXSID8024105,True,TP0001649H04,0.2527783844459,0.69,0.103107939689491,46.2926666666667,0.465333333333333,42.9723333333333,8.0,3.0,0.0,,,0.0,,,,0.00538652037423506,0.0
20171011,MW1147-26,E4,5,Fluorene,0.3,uM,DTXSID8024105,True,TP0001649H04,1.05981735837647,2.4,0.0836901617069339,48.2896,0.6084,32.211,12.0,5.0,0.0,,,0.0,,,,0.00213174925318448,1.49321795827606e-05
20171011,MW1147-26,E5,5,Fluorene,1.0,uM,DTXSID8024105,True,TP0001649H04,1.59079746870758,5.81142857142857,0.0851558107528222,48.2906363636364,0.542272727272727,18.7330909090909,14.0,11.0,1.0,8.0,0.29,0.0448229493500672,,,9.0,0.00351007702488855,3.22626464395182e-05
20171011,MW1147-26,E6,5,Fluorene,3.0,uM,DTXSID8024105,True,TP0001649H04,0.677095642123558,1.64769230769231,0.0799571931079138,38.5614,0.4018,21.1676,13.0,5.0,0.0,,,0.0,,,,0.000790766895298788,9.74277993087691e-06
20171011,MW1147-26,E7,5,Fluorene,10.0,uM,DTXSID8024105,True,TP0001649H04,0.761390716226608,1.305,0.120778743407111,23.21975,0.55275,30.391,12.0,4.0,0.0,,,0.0,,,,0.0005834012230244,1.96227044490084e-05
20171011,MW1147-26,E8,5,Fluorene,20.0,uM,DTXSID8024105,True,TP0001649H04,0.562556905692129,0.654,0.0782111191031192,31.179,0.399,33.767,10.0,3.0,0.0,,,0.0,,,,0.0021120668995103,1.32707138266001e-05
20171011,MW1147-26,F1,5,Acenaphthylene,0.03,uM,DTXSID3023845,True,TP0001649H08,0.599631068744195,0.31,0.178676551724139,8.453,0.829,33.386,6.0,1.0,0.0,,,0.0,,,,0.000633099030982883,6.2426495882247e-06
20171011,MW1147-26,F2,5,Acenaphthylene,0.0,uM,DTXSID3023845,True,TP0001649H08,0.684584976337277,0.7125,0.129296581818182,30.28,0.912,10.703,8.0,1.0,0.0,,,0.0,,,,5.17933057309586e-05,7.87125492877905e-06
20171011,MW1147-26,F3,5,Acenaphthylene,0.1,uM,DTXSID3023845,True,TP0001649H08,0.543017176257096,0.642857142857143,0.079548745224803,29.777,0.429,30.864,7.0,2.0,0.0,,,0.0,,,,0.00374045940347611,1.37369468340883e-05
20171011,MW1147-26,F4,5,Acenaphthylene,0.3,uM,DTXSID3023845,True,TP0001649H08,0.454306645891506,0.51,0.0572558359027065,63.156,0.3405,33.478,8.0,2.0,0.0,,,0.0,,,,0.00614974369656115,1.67423720853395e-05
20171011,MW1147-26,F5,5,Acenaphthylene,1.0,uM,DTXSID3023845,True,TP0001649H08,0.664244018428068,1.12909090909091,0.0915520962960454,34.1735,0.4325,47.3966666666667,11.0,6.0,0.0,,,0.0,,,,0.00626059094734282,2.543170995332e-05
20171011,MW1147-26,F6,5,Acenaphthylene,3.0,uM,DTXSID3023845,True,TP0001649H08,0.823520494967706,1.965,0.0719911309471058,50.451,0.596,14.6543333333333,12.0,3.0,0.0,,,0.0,,,,0.00113088030572573,8.24264109836048e-06
20171011,MW1147-26,F7,5,Acenaphthylene,10.0,uM,DTXSID3023845,True,TP0001649H08,0.449683618923225,1.26857142857143,0.0432775401371524,55.1785,0.238,16.7845,7.0,2.0,0.0,,,0.0,,,,0.0034938785927581,8.70087941605424e-06
20171011,MW1147-26,F8,5,Acenaphthylene,20.0,uM,DTXSID3023845,True,TP0001649H08,1.26129932341467,3.75,0.110028887407559,39.978,0.519666666666667,17.4606666666667,6.0,3.0,0.0,,,0.0,,,,0.00021551144213634,9.92007448487042e-06
20171011,MW1147-26,A1,7,Flufenacet,0.03,uM,DTXSID2032552,True,TP0001649F04,1.51583697134206,3.635,0.0567647170711127,55.1526363636364,1.17727272727273,21.6480909090909,12.0,11.0,23.0,12.0,0.155939558629776,3.82053766045047,37.5090909090909,0.0273996944112659,27.4347826086957,0.0598787389423282,0.000534667046603397
20171011,MW1147-26,A2,7,Flufenacet,0.0,uM,DTXSID2032552,True,TP0001649F04,1.13185456830282,3.024,0.0611753572175168,47.3684285714286,0.468,28.4742142857143,15.0,14.0,31.0,12.8709677419355,0.220650921658986,6.73095719033036,29.4283333333333,0.0610962810587758,33.3225806451613,0.078371299637886,0.00146259554125375
20171011,MW1147-26,A3,7,Flufenacet,0.1,uM,DTXSID2032552,True,TP0001649F04,0.743543451170949,1.9725,0.0395706583038118,57.8876153846154,0.337,31.4231538461538,16.0,13.0,28.0,13.5,0.206005591630592,9.04081442047259,31.3981481481481,0.0965492740245963,34.5714285714286,0.125661979477902,0.000994339486172675
20171011,MW1147-26,A4,7,Flufenacet,0.3,uM,DTXSID2032552,True,TP0001649F04,1.19368342039576,2.76375,0.0422009417601646,60.596875,0.52925,28.6630625,16.0,16.0,26.0,15.6153846153846,0.278843066655567,9.83186921868637,34.788,0.0611874195619619,65.0,0.142126781791638,0.00358292567328628
20171011,MW1147-26,A5,7,Flufenacet,1.0,uM,DTXSID2032552,True,TP0001649F04,1.56847598656459,4.3425,0.0389250054852894,50.8878666666667,0.3868,24.769,16.0,15.0,28.0,15.2857142857143,0.214341340702948,6.95120871336226,31.5759259259259,0.0576542081748813,56.0714285714286,0.111296280521707,0.00240763533664414
20171011,MW1147-26,A6,7,Flufenacet,3.0,uM,DTXSID2032552,True,TP0001649F04,1.19649859809236,2.84307692307692,0.0459110245248478,44.46825,0.4215,29.19375,13.0,12.0,24.0,12.8333333333333,0.21442791005291,7.9410298411794,37.55,0.0411206702546199,46.4583333333333,0.0852931766441073,0.00173418554866724
20171011,MW1147-26,A7,7,Flufenacet,10.0,uM,DTXSID2032552,True,TP0001649F04,1.05202272687475,2.34545454545455,0.0490854194713801,57.252375,0.449375,26.768625,11.0,8.0,22.0,11.8636363636364,0.181376262626263,7.20218991882197,40.5595238095238,0.0529646770936523,34.6818181818182,0.11663032944822,0.000826594726255847
20171011,MW1147-26,A8,7,Flufenacet,20.0,uM,DTXSID2032552,True,TP0001649F04,0.622930787963184,1.96909090909091,0.0650013125291896,47.068,0.413571428571429,19.8472857142857,11.0,7.0,20.0,10.05,0.141063988095238,5.72202741472745,44.2631578947368,0.0435809307535116,17.95,0.0636616967974459,0.000364071952827944
20171011,MW1147-26,B1,7,Disulfoton,0.03,uM,DTXSID0022018,True,TP0001649F06,1.36492391073802,3.38142857142857,0.0550252096022004,50.1398333333333,0.484833333333333,24.8516666666667,14.0,12.0,44.0,11.8181818181818,0.194873142955529,7.73788776577205,19.393023255814,0.0557416977500011,30.2727272727273,0.0969416289898068,0.00160046881234191
20171011,MW1147-26,B2,7,Disulfoton,0.0,uM,DTXSID0022018,True,TP0001649F06,1.25681783117761,3.016,0.0497966184067895,66.0475384615385,0.706076923076923,18.9707692307692,15.0,13.0,39.0,12.3333333333333,0.26853021978022,8.45759415335652,22.5671052631579,0.0491018374589975,36.7948717948718,0.116954609894592,0.00331482423188008
20171011,MW1147-26,B3,7,Disulfoton,0.1,uM,DTXSID0022018,True,TP0001649F06,2.20660251806827,5.31375,0.0460202178915667,68.8448,0.7962,17.2334666666667,16.0,15.0,27.0,15.037037037037,0.32546626984127,7.17859952793076,32.125,0.0723841872778481,84.4814814814815,0.1440554780498,0.00544205667307174
20171011,MW1147-26,B4,7,Disulfoton,0.3,uM,DTXSID0022018,True,TP0001649F06,0.684584976337277,2.0175,0.040415354663425,60.0109333333333,0.3978,36.2444666666667,16.0,15.0,33.0,13.1515151515152,0.209836897109624,13.227835260702,26.284375,0.0363418620997686,39.5151515151515,0.146944477915452,0.00233999443845269
20171011,MW1147-26,B5,7,Disulfoton,1.0,uM,DTXSID0022018,True,TP0001649F06,1.36437827450786,2.445,0.0612137594137992,45.8187857142857,0.621785714285714,22.2154285714286,16.0,14.0,25.0,13.44,0.2691,4.55540286048761,33.3770833333333,0.0596893341391687,35.8,0.0570225679580468,0.00126440618685149
20171011,MW1147-26,B6,7,Disulfoton,3.0,uM,DTXSID0022018,True,TP0001649F06,1.34444767111886,2.656,0.0397307752356442,58.9223076923077,0.691923076923077,27.899,15.0,13.0,25.0,14.6,0.241801082251082,9.2708677004289,35.4104166666667,0.0753715361942665,67.44,0.149021419073919,0.00324020474566404
20171011,MW1147-26,B7,7,Disulfoton,10.0,uM,DTXSID0022018,True,TP0001649F06,0.847224255560436,2.3625,0.0472866824757671,54.7109333333333,0.4172,30.639,16.0,15.0,22.0,14.9090909090909,0.217832013314968,9.40983606557377,38.6261904761905,0.0728288492642005,52.1818181818182,0.110655383704357,0.00188027164815018
20171011,MW1147-26,B8,7,Disulfoton,20.0,uM,DTXSID0022018,True,TP0001649F06,0.665890487026058,1.698,0.0658380651247609,49.049,0.4555,48.3456666666667,10.0,6.0,13.0,12.6923076923077,0.126969696969697,5.03124499278962,72.6041666666667,0.0110668239032597,24.1538461538462,0.068097649033557,0.000303912125789674
20171011,MW1147-26,C1,7,Fenitrothion,0.03,uM,DTXSID4032613,True,TP0001649F08,1.08514149322847,2.63625,0.0468242779265832,53.1888571428571,0.572357142857143,27.5881428571429,16.0,14.0,28.0,14.3571428571429,0.219980545248402,9.957762703187,31.862962962963,0.0597852766440526,55.5714285714286,0.118222893469682,0.00292628246701424
20171011,MW1147-26,C2,7,Fenitrothion,0.0,uM,DTXSID4032613,True,TP0001649F08,2.54845056072579,5.616,0.0496964595007878,62.6448571428571,0.769642857142857,12.423,15.0,14.0,57.0,13.5263157894737,0.350801656920078,7.237548226148,15.7071428571429,0.0705008904658954,43.7719298245614,0.132177132653656,0.0049850567518425
20171011,MW1147-26,C3,7,Fenitrothion,0.1,uM,DTXSID4032613,True,TP0001649F08,1.96618527440021,5.14875,0.0490009979032371,62.3965333333333,0.628466666666667,23.9613333333333,16.0,15.0,52.0,12.2307692307692,0.306418650793651,5.59107123936001,16.9598039215686,0.100321048334756,30.4423076923077,0.0901950928507487,0.00222146935771874
20171011,MW1147-26,C4,7,Fenitrothion,0.3,uM,DTXSID4032613,True,TP0001649F08,1.10778043645083,2.856,0.0378261252942289,56.0514285714286,0.465142857142857,29.243,15.0,14.0,36.0,12.25,0.286665013227513,9.4349715814109,24.5285714285714,0.0743110378901161,39.1944444444444,0.127087519618179,0.00302751104010011
20171011,MW1147-26,C5,7,Fenitrothion,1.0,uM,DTXSID4032613,True,TP0001649F08,1.80486544278817,5.0325,0.051157568119407,55.1273125,0.5020625,20.731375,16.0,16.0,31.0,13.9677419354839,0.24422107014849,5.77145055790689,28.8616666666667,0.0697801304601181,48.3870967741936,0.0846401374387332,0.00185809392556963
20171011,MW1147-26,C6,7,Fenitrothion,3.0,uM,DTXSID4032613,True,TP0001649F08,2.1148463454725,5.20714285714286,0.0460214977696416,66.066,0.627692307692308,15.4325384615385,14.0,13.0,38.0,13.5526315789474,0.370402568922306,7.27681078046042,22.9567567567568,0.0930443177593423,51.1578947368421,0.148885588051877,0.00441765404950991
20171011,MW1147-26,C7,7,Fenitrothion,10.0,uM,DTXSID4032613,True,TP0001649F08,1.82244881832161,4.084,0.0657581136332891,42.6987333333333,0.6128,29.6202666666667,15.0,15.0,25.0,12.32,0.177496825396826,3.54154820891885,35.91875,0.0361430798472454,34.88,0.0437916716901261,0.000892591204691468
20171011,MW1147-26,C8,7,Fenitrothion,20.0,uM,DTXSID4032613,True,TP0001649F08,1.08778038845071,3.18428571428571,0.0994070258727125,44.3972,0.5988,16.3982,14.0,5.0,2.0,9.0,0.186041666666667,0.1161777519605,96.1,0.00500867303340467,8.0,0.00384554486390112,4.10940524151795e-05
20171011,MW1147-26,D1,7,Benzo(b)fluoranthene,0.03,uM,DTXSID0023907,True,TP0001649G02,1.47037389926773,3.7,0.0503009030035786,48.756,0.475466666666667,26.2396666666667,15.0,15.0,25.0,14.6,0.211368001443001,7.67489815420208,34.0020833333333,0.0332169814754954,61.04,0.116709390550243,0.00238352203988714
20171011,MW1147-26,D2,7,Benzo(b)fluoranthene,0.0,uM,DTXSID0023907,True,TP0001649G02,1.51687864050874,4.3575,0.0549185179518646,49.4072666666667,0.478666666666667,19.5744666666667,16.0,15.0,39.0,13.025641025641,0.231043447293447,7.83775122464863,22.7394736842105,0.0604615446173446,43.8974358974359,0.0905406432727419,0.00266583713501348
20171011,MW1147-26,D3,7,Benzo(b)fluoranthene,0.1,uM,DTXSID0023907,True,TP0001649G02,1.0469654756801,3.12,0.0573448719989287,53.6733846153846,0.516846153846154,29.3875384615385,15.0,13.0,21.0,13.7619047619048,0.20183596165739,6.73151476704025,41.795,0.0334415603790141,45.4761904761905,0.0861242079461125,0.00151398783737686
20171011,MW1147-26,D4,7,Benzo(b)fluoranthene,0.3,uM,DTXSID0023907,True,TP0001649G02,1.66667066667627,4.32428571428571,0.0576615234232249,56.3893076923077,0.638923076923077,29.1363076923077,14.0,13.0,30.0,12.6666666666667,0.191683531746032,5.943508188939,29.0827586206897,0.0422950690338633,41.7333333333333,0.0891974180582964,0.00130960477373386
20171011,MW1147-26,D5,7,Benzo(b)fluoranthene,1.0,uM,DTXSID0023907,True,TP0001649G02,1.49607766466047,4.008,0.0577717980001254,44.4663571428571,0.502714285714286,26.6392857142857,15.0,14.0,36.0,12.25,0.214128712722463,5.89862661792313,24.8414285714286,0.0672806079206058,33.1666666666667,0.0709202453548164,0.00139156454999981
20171011,MW1147-26,D6,7,Benzo(b)fluoranthene,3.0,uM,DTXSID0023907,True,TP0001649G02,1.21135211359428,2.92285714285714,0.055328725112264,41.7698,0.439,24.1473,14.0,10.0,25.0,13.12,0.163060822510823,5.5526590198123,35.525,0.0454679828923354,34.08,0.0592411958408079,0.00060095626172072
20171011,MW1147-26,D7,7,Benzo(b)fluoranthene,10.0,uM,DTXSID0023907,True,TP0001649G02,0.473056690891614,0.625,0.0593806522408167,44.4556666666667,0.329,32.0933333333333,12.0,3.0,2.0,9.5,0.105138888888889,0.345954257159331,190.15,0.0516580787366833,9.0,0.0142220056368947,1.73761219665225e-05
20171011,MW1147-26,D8,7,Benzo(b)fluoranthene,20.0,uM,DTXSID0023907,True,TP0001649G02,0.306945181112879,0.39,0.0256737864077654,35.632,0.126,39.581,4.0,1.0,0.0,,,0.0,,,,0.00379359403399389,2.9337228593454e-06
20171011,MW1147-26,E1,7,Fluorene,0.03,uM,DTXSID8024105,True,TP0001649H04,1.86451836373296,3.7125,0.0396910154022653,67.4634375,0.6999375,24.98875,16.0,16.0,32.0,14.96875,0.284732142857143,9.34113002346456,27.108064516129,0.0622812024839152,78.375,0.200513085799901,0.00546001906881414
20171011,MW1147-26,E2,7,Fluorene,0.0,uM,DTXSID8024105,True,TP0001649H04,2.19681082790154,5.6925,0.0542704824368089,56.0267142857143,0.706928571428571,19.6837857142857,16.0,14.0,40.0,13.825,0.243703733766234,6.25276601125371,21.4717948717949,0.0619684295152501,49.45,0.0867729238082989,0.00327024106225819
20171011,MW1147-26,E3,7,Fluorene,0.1,uM,DTXSID8024105,True,TP0001649H04,1.18318802483644,2.408,0.03576597464686,67.8273636363636,0.664545454545455,26.1238181818182,15.0,11.0,44.0,13.0909090909091,0.19680533008658,10.880538418396,19.6186046511628,0.0567080102021535,39.6818181818182,0.144465024638841,0.00254278092335217
20171011,MW1147-26,E4,7,Fluorene,0.3,uM,DTXSID8024105,True,TP0001649H04,1.82257381862161,4.68,0.0437524135520209,60.0467333333333,0.557266666666667,20.0658666666667,16.0,15.0,40.0,14.525,0.271690972222222,6.35549628500667,21.375641025641,0.059884723301614,41.7,0.131437145364842,0.00373569445846004
20171011,MW1147-26,E5,7,Fluorene,1.0,uM,DTXSID8024105,True,TP0001649H04,2.66972862957093,6.51,0.0496114463457458,63.54225,0.7475,13.728625,16.0,16.0,40.0,14.575,0.302566039862915,7.00239309124961,22.2141025641026,0.0546721925946764,67.3,0.140335836962344,0.00574930600070949
20171011,MW1147-26,E6,7,Fluorene,3.0,uM,DTXSID8024105,True,TP0001649H04,1.5842399132869,4.21875,0.0335984741803921,68.9278125,0.4255625,18.908625,16.0,16.0,39.0,14.3846153846154,0.271030011655012,9.73567702625696,22.8421052631579,0.0754322334320047,56.9487179487179,0.198776478136517,0.00560497307458177
20171011,MW1147-26,E7,7,Fluorene,10.0,uM,DTXSID8024105,True,TP0001649H04,1.75889311023235,5.26875,0.0510373259945604,65.4144375,0.51075,17.7900625,16.0,16.0,38.0,15.1578947368421,0.236169329573935,8.80448515476943,23.0851351351351,0.0357232078214929,58.6842105263158,0.157069959686175,0.00372095899693872
20171011,MW1147-26,E8,7,Fluorene,20.0,uM,DTXSID8024105,True,TP0001649H04,1.26754272464222,3.22714285714286,0.0410515459271507,54.3916428571429,0.397642857142857,26.3237857142857,14.0,14.0,26.0,14.5769230769231,0.228997516906171,7.98107451908112,34.864,0.0352464014132092,49.3076923076923,0.139908172739576,0.00254084014296732
20171011,MW1147-26,F1,7,Acenaphthylene,0.03,uM,DTXSID3023845,True,TP0001649H08,0.819224188360274,1.83,0.0326579183195727,51.2902,0.3012,43.2869,10.0,10.0,28.0,11.2857142857143,0.186505102040816,11.5440883096156,30.1,0.0280462875490124,31.0,0.165018208219882,0.00209112099455117
20171011,MW1147-26,F2,7,Acenaphthylene,0.0,uM,DTXSID3023845,True,TP0001649H08,0.951455274945651,2.02153846153846,0.0516638355082732,53.0956666666667,0.536333333333333,33.5805833333333,13.0,12.0,26.0,14.0384615384615,0.194740155677656,9.61897148947509,34.516,0.0738254503116578,41.6538461538462,0.116468297397303,0.0020113558702702
20171011,MW1147-26,F3,7,Acenaphthylene,0.1,uM,DTXSID3023845,True,TP0001649H08,0.714515603726338,1.5375,0.0342465494913151,54.5969,0.3485,27.5356,16.0,10.0,24.0,13.25,0.192748842592593,9.43726309651084,37.8086956521739,0.0309668074299159,40.4583333333333,0.101468372707324,0.00140087456393842
20171011,MW1147-26,F4,7,Acenaphthylene,0.3,uM,DTXSID3023845,True,TP0001649H08,0.893591888210275,2.18769230769231,0.0388796498856545,51.0245454545455,0.319545454545455,36.5189090909091,13.0,11.0,27.0,13.6666666666667,0.159009038800705,11.2708234174203,33.1980769230769,0.0259778560522177,43.8518518518519,0.178925030655424,0.00196661087362844
20171011,MW1147-26,F5,7,Acenaphthylene,1.0,uM,DTXSID3023845,True,TP0001649H08,0.984516251727893,2.5125,0.0311953636418068,61.1344375,0.376625,27.1603125,16.0,16.0,26.0,15.5769230769231,0.267332261755339,13.2609155674684,34.064,0.0521339319190328,72.3076923076923,0.209132743834233,0.00499783123941839
20171011,MW1147-26,F6,7,Acenaphthylene,3.0,uM,DTXSID3023845,True,TP0001649H08,1.3119290745557,4.216,0.0361436888819765,67.0813571428571,0.367857142857143,17.4640714285714,15.0,14.0,41.0,14.3414634146341,0.22811241773132,13.5168608906153,21.96375,0.038610163007459,58.5609756097561,0.177732992208415,0.00471077256494381
20171011,MW1147-26,F7,7,Acenaphthylene,10.0,uM,DTXSID3023845,True,TP0001649H08,1.16532025708608,2.58,0.0399046507379931,52.62575,0.464833333333333,25.9763333333333,14.0,12.0,32.0,13.3125,0.225952380952381,9.1471287801563,27.4854838709677,0.0481752165872218,42.0625,0.130054107748805,0.00309355726534085
20171011,MW1147-26,F8,7,Acenaphthylene,20.0,uM,DTXSID3023845,True,TP0001649H08,1.2067806740514,3.45,0.0650349074814595,52.546,0.539375,18.609,10.0,8.0,19.0,8.63157894736842,0.245111215538847,3.2284616791659,47.6916666666667,0.0745033948378117,18.5789473684211,0.0327050144637843,0.000427000115656044
20171011,MW1147-27,A1,5,Flufenacet,0.0,uM,DTXSID2032552,True,TP0001649F04,0.55432601354351,0.44,0.098186605463503,10.85,0.466,48.7705,9.0,2.0,0.0,,,0.0,,,,0.00201036393426143,5.51224633955905e-06
20171011,MW1147-27,A2,5,Flufenacet,0.03,uM,DTXSID2032552,True,TP0001649F04,1.08467650106694,2.808,0.111665035782295,39.19325,0.787,23.256,10.0,4.0,0.0,,,0.0,,,,0.00192915104252224,1.02888471843254e-05
20171011,MW1147-27,A3,5,Flufenacet,0.1,uM,DTXSID2032552,True,TP0001649F04,1.04973173979,2.1825,0.0962425908074398,39.44,0.8162,40.092,8.0,5.0,0.0,,,0.0,,,,0.00784636805401201,2.8539312547778e-05
20171011,MW1147-27,A4,5,Flufenacet,0.3,uM,DTXSID2032552,True,TP0001649F04,0.747228997098463,1.11,0.0867419063169177,32.3765,0.50175,26.46725,8.0,4.0,0.0,,,0.0,,,,0.00663960868819301,1.71609369734871e-05
20171011,MW1147-27,A5,5,Flufenacet,1.0,uM,DTXSID2032552,True,TP0001649F04,0.870007888071519,0.926666666666667,0.0734307306842047,19.072,0.536,44.5396666666667,9.0,3.0,0.0,,,0.0,,,,0.00878455775593895,1.06248445000456e-05
20171011,MW1147-27,A6,5,Flufenacet,3.0,uM,DTXSID2032552,True,TP0001649F04,0.897415543975006,1.4,0.0977891855187291,22.7358,0.523,44.2564,9.0,5.0,0.0,,,0.0,,,,0.00757168334176003,1.28384847915386e-05
20171011,MW1147-27,A7,5,Flufenacet,10.0,uM,DTXSID2032552,True,TP0001649F04,0.687043266229317,1.61333333333333,0.066650521561002,56.9586666666667,0.354666666666667,20.171,9.0,3.0,0.0,,,0.0,,,,0.00200095902577037,5.96973422625768e-06
20171011,MW1147-27,A8,5,Flufenacet,20.0,uM,DTXSID2032552,True,TP0001649F04,0.661593300033222,0.72,0.0691068234250222,20.767,0.363,23.628,7.0,2.0,0.0,,,0.0,,,,0.00101517153857881,5.22221710429205e-06
20171011,MW1147-27,B1,5,Disulfoton,0.0,uM,DTXSID0022018,True,TP0001649F06,1.08850193257625,1.78285714285714,0.0979828274822732,28.2735,0.5925,26.3235,14.0,6.0,1.0,8.0,0.115,0.065402223675605,,,9.0,0.00307389603034257,2.2759189281987e-05
20171011,MW1147-27,B2,5,Disulfoton,0.03,uM,DTXSID0022018,True,TP0001649F06,1.61839074178546,4.40769230769231,0.0922856208266694,47.52275,0.80075,24.9205,13.0,8.0,1.0,6.0,0.275,0.0474984167194427,,,9.0,0.00461365390974069,3.2783103889643e-05
20171011,MW1147-27,B3,5,Disulfoton,0.1,uM,DTXSID0022018,True,TP0001649F06,1.65455203830885,3.805,0.0977947414982506,41.9126666666667,0.983833333333333,19.147,12.0,6.0,0.0,,,0.0,,,,0.00232186342736349,1.06387399891661e-05
20171011,MW1147-27,B4,5,Disulfoton,0.3,uM,DTXSID0022018,True,TP0001649F06,0.739512877756265,0.46,0.127075357142858,10.993,0.587,49.6795,9.0,2.0,0.0,,,0.0,,,,0.000239319173406848,5.76734973523063e-06
20171011,MW1147-27,B5,5,Disulfoton,1.0,uM,DTXSID0022018,True,TP0001649F06,0.906535997037484,1.26,0.0790742618863799,16.6166,0.3874,50.6556,8.0,5.0,0.0,,,0.0,,,,0.00140171366930991,8.77592725025596e-06
20171011,MW1147-27,B6,5,Disulfoton,3.0,uM,DTXSID0022018,True,TP0001649F06,1.05715244199166,2.38285714285714,0.104044727560971,27.77575,0.573,14.0085,7.0,4.0,0.0,,,0.0,,,,0.000516849612378511,1.04037297638387e-05
20171011,MW1147-27,B7,5,Disulfoton,10.0,uM,DTXSID0022018,True,TP0001649F06,0.87230949624102,1.13142857142857,0.0920607826113167,21.139,0.508,51.8035714285714,14.0,7.0,0.0,,,0.0,,,,0.0011602863580135,1.83101408397571e-05
20171011,MW1147-27,B8,5,Disulfoton,20.0,uM,DTXSID0022018,True,TP0001649F06,0.349586502917626,0.2475,0.0798557156673105,10.9075,0.373,47.2745,8.0,2.0,0.0,,,0.0,,,,-0.000248646252870452,2.26277127729491e-08
20171011,MW1147-27,C1,5,Fenitrothion,0.0,uM,DTXSID4032613,True,TP0001649F08,1.37806805003921,2.19,0.0899951755735201,30.83775,0.55625,32.19775,12.0,4.0,0.0,,,0.0,,,,0.00405441841785697,2.10030655059772e-05
20171011,MW1147-27,C2,5,Fenitrothion,0.03,uM,DTXSID4032613,True,TP0001649F08,0.866156001295893,2.12,0.0818890243055856,38.9862,0.4716,26.3903,15.0,10.0,1.0,8.0,0.115,0.0768114705129299,,,9.0,0.00584522841009982,3.74071649138547e-05
20171011,MW1147-27,C3,5,Fenitrothion,0.1,uM,DTXSID4032613,True,TP0001649F08,0.607875881778365,1.085,0.105989603412074,20.75475,0.5535,27.488,12.0,4.0,0.0,,,0.0,,,,0.00181503341286313,9.30487297607363e-06
20171011,MW1147-27,C4,5,Fenitrothion,0.3,uM,DTXSID4032613,True,TP0001649F08,0.347003146161859,0.474,0.0707744358161067,34.9535,0.3655,29.958,10.0,2.0,0.0,,,0.0,,,,0.00453822361406349,1.7590602567695e-05
20171011,MW1147-27,C5,5,Fenitrothion,1.0,uM,DTXSID4032613,True,TP0001649F08,0.801766528609119,0.96,0.118765496664791,19.77425,0.624,31.7645,12.0,4.0,0.0,,,0.0,,,,0.00334716909517866,1.71995548673004e-05
20171011,MW1147-27,C6,5,Fenitrothion,3.0,uM,DTXSID4032613,True,TP0001649F08,0.889884611497021,2.18666666666667,0.080575020188153,33.382,0.4604,37.2262,9.0,5.0,0.0,,,0.0,,,,0.00223651022779565,2.78916088979296e-05
20171011,MW1147-27,C7,5,Fenitrothion,10.0,uM,DTXSID4032613,True,TP0001649F08,1.18173910949632,3.2,0.0869379835472711,29.9646,0.5572,24.4752,9.0,5.0,0.0,,,0.0,,,,0.00184239253678785,1.43867546223531e-05
20171011,MW1147-27,C8,5,Fenitrothion,20.0,uM,DTXSID4032613,True,TP0001649F08,0.92403615570559,0.0975,0.0601379999999997,9.159,0.267,107.041,8.0,1.0,0.0,,,0.0,,,,0.000627199508942023,5.65547515309767e-06
20171011,MW1147-27,D1,5,Benzo(b)fluoranthene,0.0,uM,DTXSID0023907,True,TP0001649G02,1.58658845914277,2.16,0.0992249882146343,39.6351666666667,3.45266666666667,22.3823333333333,12.0,6.0,0.0,,,0.0,,,,0.00172440400920759,2.81394948937683e-05
20171011,MW1147-27,D2,5,Benzo(b)fluoranthene,0.03,uM,DTXSID0023907,True,TP0001649G02,1.39630895616417,2.08,0.102693853209254,45.902,1.7354,12.6278,12.0,5.0,0.0,,,0.0,,,,0.000614828271616724,2.15689476611602e-05
20171011,MW1147-27,D3,5,Benzo(b)fluoranthene,0.1,uM,DTXSID0023907,True,TP0001649G02,1.11405050476498,3.30545454545455,0.0866514595327869,43.3388,0.557,26.3156,11.0,5.0,0.0,,,0.0,,,,0.00170473159984669,1.61170470634372e-05
20171011,MW1147-27,D4,5,Benzo(b)fluoranthene,0.3,uM,DTXSID0023907,True,TP0001649G02,0.749921329201248,1.86461538461538,0.0732992223479243,27.461375,0.376375,29.7035,13.0,8.0,3.0,7.33333333333333,0.139722222222222,0.340947834981248,122.475,0.0666671006930317,10.0,0.00577921685593604,3.33291928939841e-05
20171011,MW1147-27,D5,5,Benzo(b)fluoranthene,1.0,uM,DTXSID0023907,True,TP0001649G02,0.947468907845082,2.94,0.0837089198191233,58.3836666666667,0.749333333333333,24.5646666666667,7.0,3.0,0.0,,,0.0,,,,0.00317195687783334,5.98784302310862e-06
20171011,MW1147-27,D6,5,Benzo(b)fluoranthene,3.0,uM,DTXSID0023907,True,TP0001649G02,0.992453442688991,2.04,0.105501696957475,33.4,0.5635,19.93675,10.0,4.0,0.0,,,0.0,,,,0.00123980882528866,2.23348926095684e-05
20171011,MW1147-27,D7,5,Benzo(b)fluoranthene,10.0,uM,DTXSID0023907,True,TP0001649G02,0.144445754085948,0.0,,0.0,,,1.0,0.0,0.0,,,0.0,,,,0.0,0.0
20171011,MW1147-27,D8,5,Benzo(b)fluoranthene,20.0,uM,DTXSID0023907,True,TP0001649G02,0.336669719138787,0.0,,0.0,,,3.0,0.0,0.0,,,0.0,,,,-0.000864701520717468,2.37868557513218e-06
20171011,MW1147-27,E1,5,Fluorene,0.0,uM,DTXSID8024105,True,TP0001649H04,0.918452771749575,1.692,0.0707972900884111,37.5294,0.6256,21.615,10.0,5.0,1.0,6.0,0.35,0.10669828097214,,,9.0,0.00734585536257338,7.81362844332426e-05
20171011,MW1147-27,E2,5,Fluorene,0.03,uM,DTXSID8024105,True,TP0001649H04,1.09961314442902,3.14571428571429,0.092827875430626,45.6871666666667,0.590333333333333,9.0355,14.0,6.0,0.0,,,0.0,,,,0.00670094018161454,1.9543387645421e-05
20171011,MW1147-27,E3,5,Fluorene,0.1,uM,DTXSID8024105,True,TP0001649H04,0.978983235089024,2.24307692307692,0.108278173956487,29.3958333333333,0.650166666666667,24.1705,13.0,6.0,1.0,9.0,0.1325,0.0783085356303837,,,9.0,0.00158581732929045,1.50470291147287e-05
20171011,MW1147-27,E4,5,Fluorene,0.3,uM,DTXSID8024105,True,TP0001649H04,0.581005267781095,0.48,0.0831436845945088,27.8163333333333,0.431666666666667,43.2916666666667,10.0,3.0,0.0,,,0.0,,,,0.000876980861651476,1.39659163969283e-05
20171011,MW1147-27,E5,5,Fluorene,1.0,uM,DTXSID8024105,True,TP0001649H04,0.741716126602283,1.76769230769231,0.0694321440054772,41.0381666666667,0.396166666666667,40.7833333333333,13.0,6.0,1.0,8.0,0.0799999999999997,0.125570776255708,,,11.0,0.00738757661960738,2.14044515751252e-05
20171011,MW1147-27,E6,5,Fluorene,3.0,uM,DTXSID8024105,True,TP0001649H04,0.617116706302582,0.372,0.096393139890724,18.727,0.552,66.9513333333333,10.0,3.0,0.0,,,0.0,,,,0.000969244474354522,1.50936784078422e-05
20171011,MW1147-27,E7,5,Fluorene,10.0,uM,DTXSID8024105,True,TP0001649H04,0.346669809806276,0.408,0.0681850534759366,20.502,0.3535,38.9705,10.0,2.0,0.0,,,0.0,,,,0.00177739337357091,3.38594030203226e-06
20171011,MW1147-27,E8,5,Fluorene,20.0,uM,DTXSID8024105,True,TP0001649H04,1.06270804791805,2.24571428571429,0.0819452480777794,28.6535,0.44575,42.87675,7.0,4.0,0.0,,,0.0,,,,0.000728382312475665,1.27411813978887e-05
20171011,MW1147-27,F1,5,Acenaphthylene,0.0,uM,DTXSID3023845,True,TP0001649H08,1.58819621782753,1.90909090909091,0.108809463033111,15.549625,0.641375,31.02675,11.0,8.0,0.0,,,0.0,,,,0.0038665410063171,2.61236141730833e-05
20171011,MW1147-27,F2,5,Acenaphthylene,0.03,uM,DTXSID3023845,True,TP0001649H08,0.67778392301868,1.15,0.0864326392961873,35.62625,0.498,38.37275,12.0,4.0,0.0,,,0.0,,,,0.00776306391528342,1.60254619015421e-05
20171011,MW1147-27,F3,5,Acenaphthylene,0.1,uM,DTXSID3023845,True,TP0001649H08,0.932230674447004,2.4,0.10505000047649,37.8898,0.5882,23.4606,8.0,5.0,0.0,,,0.0,,,,0.00139858577632055,1.02379687015874e-05
20171011,MW1147-27,F4,5,Acenaphthylene,0.3,uM,DTXSID3023845,True,TP0001649H08,1.16378832945863,2.604,0.0895156324836632,34.6208,0.5372,28.4852,10.0,5.0,0.0,,,0.0,,,,0.00137780422696254,7.32666846888404e-06
20171011,MW1147-27,F5,5,Acenaphthylene,1.0,uM,DTXSID3023845,True,TP0001649H08,1.18478851986036,2.808,0.0831011398622611,51.8002,0.7502,16.6914,10.0,5.0,1.0,5.0,0.2,0.0745295323271846,,,8.0,0.00551481390964644,2.92757262062085e-05
20171011,MW1147-27,F6,5,Acenaphthylene,3.0,uM,DTXSID3023845,True,TP0001649H08,0.73222886109723,0.0,,0.0,,,4.0,0.0,0.0,,,0.0,,,,6.12932720450606e-06,1.57034446529591e-07
20171011,MW1147-27,F7,5,Acenaphthylene,10.0,uM,DTXSID3023845,True,TP0001649H08,0.660283764350575,0.205,0.0841313281692791,13.451,0.4105,55.843,12.0,2.0,0.0,,,0.0,,,,0.00117522907164463,1.44087136123156e-05
20171011,MW1147-27,F8,5,Acenaphthylene,20.0,uM,DTXSID3023845,True,TP0001649H08,0.506393480189776,0.4275,0.0716949960537943,43.9873333333333,0.402666666666667,68.675,8.0,3.0,1.0,6.0,0.163333333333333,0.214477211796247,,,8.0,0.00752818351768287,4.9831466892349e-06
20171011,MW1147-27,A1,7,Flufenacet,0.0,uM,DTXSID2032552,True,TP0001649F04,1.77254283372694,4.70571428571429,0.061429572316175,54.53,0.663090909090909,18.9898181818182,14.0,11.0,33.0,12.7272727272727,0.192197652936289,5.62038900067069,25.7578125,0.0489627033254677,38.0909090909091,0.0923742172345056,0.00140710129623065
20171011,MW1147-27,A2,7,Flufenacet,0.03,uM,DTXSID2032552,True,TP0001649F04,1.03965462605267,2.32125,0.0417966200770577,53.4393333333333,0.4626,35.1694,16.0,15.0,24.0,15.2916666666667,0.268712797619048,8.36283481397368,38.2130434782609,0.0675361946194915,52.1666666666667,0.139774893895141,0.00222943647825919
20171011,MW1147-27,A3,7,Flufenacet,0.1,uM,DTXSID2032552,True,TP0001649F04,1.29807638176542,3.188,0.0410551821643416,57.3856,0.5046,27.4042666666667,15.0,15.0,28.0,14.5357142857143,0.248498441043084,10.1389838231943,31.712962962963,0.0791475983066245,63.5714285714286,0.142587503954833,0.00278084414483587
20171011,MW1147-27,A4,7,Flufenacet,0.3,uM,DTXSID2032552,True,TP0001649F04,1.16000206222589,3.132,0.0377447354136806,62.2506153846154,0.448076923076923,25.6176153846154,15.0,13.0,30.0,13.4666666666667,0.316861111111111,9.14180291367135,29.8,0.092609317217232,47.9,0.134254127480008,0.003074818838422
20171011,MW1147-27,A5,7,Flufenacet,1.0,uM,DTXSID2032552,True,TP0001649F04,1.60748433923142,3.308,0.0422451729688873,51.4728,0.480933333333333,30.3982,15.0,15.0,25.0,14.44,0.275346428571429,7.45587760932676,35.0083333333333,0.0581091262643076,64.72,0.126694881666574,0.0028054618753224
20171011,MW1147-27,A6,7,Flufenacet,3.0,uM,DTXSID2032552,True,TP0001649F04,1.84904032421984,4.58,0.0469960616058765,55.6452666666667,0.468,18.3016,15.0,15.0,30.0,14.2666666666667,0.278900793650794,7.43530165852095,28.5431034482759,0.0732406494701176,61.8666666666667,0.120789130233097,0.00348613793539732
20171011,MW1147-27,A7,7,Flufenacet,10.0,uM,DTXSID2032552,True,TP0001649F04,1.04991639643257,1.93384615384615,0.0449555257216257,46.6630833333333,0.414833333333333,35.8143333333333,13.0,12.0,24.0,13.0833333333333,0.180016947751323,8.37561407747443,36.2021739130435,0.028477181428357298,43.3333333333333,0.129702820499325,0.00165049200466975
20171011,MW1147-27,A8,7,Flufenacet,20.0,uM,DTXSID2032552,True,TP0001649F04,0.731271141307426,1.77,0.0563619659606899,44.26675,0.407666666666667,38.5574166666667,14.0,12.0,18.0,14.8888888888889,0.127903789882957,8.21152192605331,48.5,0.0165732203327521,42.4444444444444,0.097425025432614,0.000806290307548314
20171011,MW1147-27,B1,7,Disulfoton,0.0,uM,DTXSID0022018,True,TP0001649F06,2.12792044963635,4.66875,0.0497982461432769,61.735125,1.003375,23.4501875,16.0,16.0,28.0,15.0,0.300714285714286,6.81091312577508,30.4462962962963,0.0792650841621288,74.5357142857143,0.124064627133174,0.00407773759868015
20171011,MW1147-27,B2,7,Disulfoton,0.03,uM,DTXSID0022018,True,TP0001649F06,1.73396141593141,4.12875,0.0550608635259053,66.1794375,0.9028125,25.216,16.0,16.0,25.0,14.52,0.286401587301587,7.38916256157635,33.30625,0.10315816363992,73.8,0.155128263354056,0.00417776932635015
20171011,MW1147-27,B3,7,Disulfoton,0.1,uM,DTXSID0022018,True,TP0001649F06,1.90347560617886,4.89375,0.0370785456443189,64.0794375,0.56525,22.21625,16.0,16.0,33.0,15.1818181818182,0.275519917792645,8.14301349872309,25.7875,0.0348471659584818,67.6363636363636,0.174742585982313,0.0048468221994002
20171011,MW1147-27,B4,7,Disulfoton,0.3,uM,DTXSID0022018,True,TP0001649F06,1.30416898518931,2.79,0.0397194500123882,55.779625,0.582,32.3774375,16.0,16.0,31.0,13.6774193548387,0.278236687147978,9.12140575079872,29.4216666666667,0.0715120134206825,55.258064516129,0.138190816831479,0.00364971523779438
20171011,MW1147-27,B5,7,Disulfoton,1.0,uM,DTXSID0022018,True,TP0001649F06,1.89991078502658,5.175,0.0503347031936017,57.6179166666667,0.529416666666667,20.6390833333333,12.0,12.0,31.0,11.6774193548387,0.241683947772658,7.40109970317746,29.0466666666667,0.0549830360905557,49.0645161290323,0.109579733087788,0.00236424578087799
20171011,MW1147-27,B6,7,Disulfoton,3.0,uM,DTXSID0022018,True,TP0001649F06,2.04062862778423,4.275,0.0473896285844758,59.0727857142857,0.752285714285714,19.8240714285714,16.0,14.0,34.0,14.7941176470588,0.254482084500467,6.97975157393228,25.7454545454545,0.0832559311356231,60.3235294117647,0.126381293733853,0.00308959752746682
20171011,MW1147-27,B7,7,Disulfoton,10.0,uM,DTXSID0022018,True,TP0001649F06,1.69590579272141,4.78875,0.0441435125336885,66.2838,0.537666666666667,16.9354,16.0,15.0,28.0,15.3214285714286,0.27721387987013,8.86122599402154,31.5074074074074,0.0523830311727579,77.2857142857143,0.147417414446818,0.00423319711067532
20171011,MW1147-27,B8,7,Disulfoton,20.0,uM,DTXSID0022018,True,TP0001649F06,1.28738324106227,3.60857142857143,0.0639083890919275,51.195,0.635384615384615,37.6152307692308,14.0,13.0,21.0,14.6666666666667,0.171127173091459,6.51828298887122,41.02,0.0419579455833113,50.7619047619048,0.10451408546744,0.000831843030988731
20171011,MW1147-27,C1,7,Fenitrothion,0.0,uM,DTXSID4032613,True,TP0001649F08,2.34278194272345,4.66875,0.0453977538569874,61.2310625,0.8286875,18.6690625,16.0,16.0,29.0,15.551724137931,0.283308702791461,7.20595209864833,30.3125,0.0348499697520397,83.8275862068966,0.131822941777148,0.00472621335491434
20171011,MW1147-27,C2,7,Fenitrothion,0.03,uM,DTXSID4032613,True,TP0001649F08,1.67590575716579,4.215,0.0402084130721498,69.7435,0.554625,22.47925,16.0,16.0,24.0,15.5416666666667,0.306986607142857,7.06501471014793,36.5630434782609,0.0549777555508091,71.0416666666667,0.173066041172359,0.0040048351070984
20171011,MW1147-27,C3,7,Fenitrothion,0.1,uM,DTXSID4032613,True,TP0001649F08,1.47133594904169,3.676,0.0420902284281834,60.029,0.536066666666667,23.5764,15.0,15.0,33.0,14.2121212121212,0.261323051948052,10.089945228883,27.171875,0.0497675535156807,60.8484848484849,0.14176840893305,0.00344185090317567
20171011,MW1147-27,C4,7,Fenitrothion,0.3,uM,DTXSID4032613,True,TP0001649F08,0.964816530044202,2.14,0.0359192331802144,52.0332857142857,0.467428571428571,35.4965,15.0,14.0,22.0,14.2272727272727,0.235071699134199,10.8110181846083,39.2666666666667,0.0419263879176834,64.0454545454545,0.14482943274069,0.00266684803749485
20171011,MW1147-27,C5,7,Fenitrothion,1.0,uM,DTXSID4032613,True,TP0001649F08,1.25222444839902,2.57625,0.035301138588294,66.9309333333333,0.628066666666667,27.8387333333333,16.0,15.0,27.0,14.1111111111111,0.317444684944685,9.5441437444543,33.4442307692308,0.129294262401377,63.7407407407407,0.180726665486046,0.00481450321439379
20171011,MW1147-27,C6,7,Fenitrothion,3.0,uM,DTXSID4032613,True,TP0001649F08,1.42185437959297,4.448,0.0416719761572281,63.0394285714286,0.497,27.1933571428571,15.0,14.0,30.0,14.4,0.267278439153439,9.16074116364769,29.4551724137931,0.108241989029345,58.8333333333333,0.136628158841949,0.00294613693416561
20171011,MW1147-27,C7,7,Fenitrothion,10.0,uM,DTXSID4032613,True,TP0001649F08,1.39965526605381,4.22625,0.0481027196705789,56.3649333333333,0.520066666666667,31.1271333333333,16.0,15.0,22.0,13.9090909090909,0.280041486291486,5.63135698337881,40.9047619047619,0.0684817098728451,51.5909090909091,0.0940806937928856,0.00211873956051704
20171011,MW1147-27,C8,7,Fenitrothion,20.0,uM,DTXSID4032613,True,TP0001649F08,1.29412928480127,3.27,0.0800452064559021,35.9350909090909,0.552181818181818,31.258,14.0,11.0,19.0,12.0,0.155262493354599,2.69380789858606,45.9055555555556,0.0562545403573405,23.2631578947368,0.0356902840647674,0.000267047673122722
20171011,MW1147-27,D1,7,Benzo(b)fluoranthene,0.0,uM,DTXSID0023907,True,TP0001649G02,2.6409769172923,5.2125,0.0611070104170508,57.6482,1.18126666666667,13.8528666666667,16.0,15.0,34.0,15.1176470588235,0.280412316441728,6.51327899027084,26.0954545454545,0.0797284691810794,72.8529411764706,0.082134182377786,0.00345694159612699
20171011,MW1147-27,D2,7,Benzo(b)fluoranthene,0.03,uM,DTXSID0023907,True,TP0001649G02,2.12701767025364,4.88625,0.0509070237799886,60.6390666666667,0.8178,20.1424,16.0,15.0,26.0,15.0769230769231,0.304510073260073,8.05772307290476,34.218,0.130754706114597,94.9230769230769,0.121749781640905,0.00454171886534556
20171011,MW1147-27,D3,7,Benzo(b)fluoranthene,0.1,uM,DTXSID0023907,True,TP0001649G02,1.66090573049908,4.03875,0.0484031630196617,57.507125,0.627875,27.3599375,16.0,16.0,28.0,14.0,0.292420441661513,6.41384789062173,30.9611111111111,0.159140106895623,54.7857142857143,0.115457295591132,0.00233928979679461
20171011,MW1147-27,D4,7,Benzo(b)fluoranthene,0.3,uM,DTXSID0023907,True,TP0001649G02,1.58722504395563,4.17,0.0508337039818328,51.6270625,0.5191875,31.1496875,16.0,16.0,21.0,14.952380952381,0.233655045351474,6.69845992299615,43.055,0.0436015882671676,72.9047619047619,0.10831074810345,0.00265858362130953
20171011,MW1147-27,D5,7,Benzo(b)fluoranthene,1.0,uM,DTXSID0023907,True,TP0001649G02,1.52555826765914,4.536,0.0467199027190922,52.2886666666667,0.530533333333333,31.1996,15.0,15.0,19.0,14.9473684210526,0.199159356725146,5.61132935641884,47.6305555555556,0.04342865716767,60.8947368421053,0.0923099107899728,0.0017786408561677
20171011,MW1147-27,D6,7,Benzo(b)fluoranthene,3.0,uM,DTXSID0023907,True,TP0001649G02,1.37703948510723,3.188,0.0477660954412377,61.3157142857143,2.36478571428571,28.1944285714286,15.0,14.0,23.0,13.7391304347826,0.184939770374553,5.4294758302484,38.8431818181818,0.0444768463065506,44.0,0.093709339445962,0.000919802568580669
20171011,MW1147-27,D7,7,Benzo(b)fluoranthene,10.0,uM,DTXSID0023907,True,TP0001649G02,0.732650875140017,1.65230769230769,0.0401886074994154,49.6749,0.3073,35.0832,13.0,10.0,25.0,11.48,0.231170346320346,5.53565237489888,34.5875,0.0461624506160855,19.16,0.104516268721722,0.000627225405962661
20171011,MW1147-27,D8,7,Benzo(b)fluoranthene,20.0,uM,DTXSID0023907,True,TP0001649G02,0.883890460249707,1.485,0.0808273002859021,27.304,0.523,30.3706666666667,8.0,3.0,1.0,6.0,0.1,0.122156054359444,,,8.0,0.00952307136134847,8.17953824844286e-06
20171011,MW1147-27,E1,7,Fluorene,0.0,uM,DTXSID8024105,True,TP0001649H04,1.48403041605407,2.7,0.0430968551056261,61.6350714285714,0.733857142857143,25.5813571428571,16.0,14.0,31.0,14.3870967741935,0.305487711213518,10.8189050070192,27.3583333333333,0.0636188554547623,74.5806451612903,0.177943172618058,0.00528948309085219
20171011,MW1147-27,E2,7,Fluorene,0.03,uM,DTXSID8024105,True,TP0001649H04,2.1396565816117,5.02125,0.0516372456910706,56.8270625,0.6784375,21.46075,16.0,16.0,31.0,14.741935483871,0.319926686217009,7.00399208075038,29.1216666666667,0.0877174811079578,69.6129032258064,0.116514031100466,0.00392707014077965
20171011,MW1147-27,E3,7,Fluorene,0.1,uM,DTXSID8024105,True,TP0001649H04,1.71090581938812,4.58625,0.040480185070256,70.104875,0.543375,21.94925,16.0,16.0,33.0,15.4242424242424,0.2901924001924,10.5857044282989,27.68125,0.0637139635378339,79.030303030303,0.212361316884393,0.00617065507714102
20171011,MW1147-27,E4,7,Fluorene,0.3,uM,DTXSID8024105,True,TP0001649H04,1.01368235765752,2.37375,0.0327092613832053,65.2967333333333,0.455866666666667,29.7416,16.0,15.0,29.0,15.1379310344828,0.245521346469622,15.0304857162431,29.7053571428571,0.0482122271521684,75.6551724137931,0.197034333263341,0.00466672918165477
20171011,MW1147-27,E5,7,Fluorene,1.0,uM,DTXSID8024105,True,TP0001649H04,1.43354421518972,3.06375,0.0326839801573983,70.8778125,0.6180625,27.0209375,16.0,16.0,24.0,15.75,0.236302459114959,10.8172261783655,33.5326086956522,0.0333256587043529,93.0416666666667,0.238266942563111,0.00531210865686159
20171011,MW1147-27,E6,7,Fluorene,3.0,uM,DTXSID8024105,True,TP0001649H04,1.28274302117278,3.332,0.0355079177112352,66.1534285714286,0.434857142857143,21.121,15.0,14.0,34.0,15.0294117647059,0.229903127917834,12.6424214524111,26.6181818181818,0.0440743219218057,64.6176470588235,0.20105490142516,0.00489872945673502
20171011,MW1147-27,E7,7,Fluorene,10.0,uM,DTXSID8024105,True,TP0001649H04,0.885853426702388,2.84,0.0332136217809992,63.0657857142857,0.397071428571429,28.7847142857143,15.0,14.0,30.0,13.5,0.237731150793651,13.1895687061184,28.8086206896552,0.0463504502303817,52.6,0.18617757370997,0.0037328858910389
20171011,MW1147-27,E8,7,Fluorene,20.0,uM,DTXSID8024105,True,TP0001649H04,1.21244659990507,3.404,0.0448715982948009,55.518,0.4674,35.8415333333333,15.0,15.0,22.0,13.5454545454545,0.254568452380952,6.2777811605675,37.5333333333333,0.119608307644565,46.8636363636364,0.121107200958475,0.00189467039819854
20171011,MW1147-27,F1,7,Acenaphthylene,0.0,uM,DTXSID3023845,True,TP0001649H08,1.84993384432683,4.27125,0.0481748736875791,61.9472666666667,0.5804,21.5014666666667,16.0,15.0,25.0,14.48,0.324995634920635,6.14137167311085,34.7875,0.109035645888842,65.44,0.120295447082834,0.00299159398970037
20171011,MW1147-27,F2,7,Acenaphthylene,0.03,uM,DTXSID3023845,True,TP0001649H08,1.98405114624966,3.79714285714286,0.0389589691772914,66.7794285714286,0.690642857142857,22.4472857142857,14.0,14.0,26.0,15.1923076923077,0.327106227106227,9.10249263359083,33.57,0.0529200560726155,87.9230769230769,0.184127827908489,0.00528964810694673
20171011,MW1147-27,F3,7,Acenaphthylene,0.1,uM,DTXSID3023845,True,TP0001649H08,1.55214561651284,2.91428571428571,0.0472808519550737,62.4612857142857,0.755928571428571,27.324,14.0,14.0,29.0,12.8965517241379,0.34617816091954,8.33969757140675,29.6089285714286,0.155259362375437,56.4827586206897,0.136897532035033,0.0037401754892102
20171011,MW1147-27,F4,7,Acenaphthylene,0.3,uM,DTXSID3023845,True,TP0001649H08,1.98312852556182,5.475,0.0428431193289056,65.1771875,0.5198125,17.6829375,16.0,16.0,33.0,15.1515151515152,0.282034632034632,5.88647266869769,26.81875,0.067713808737507,50.9393939393939,0.141159134376556,0.00338482322100682
20171011,MW1147-27,F5,7,Acenaphthylene,1.0,uM,DTXSID3023845,True,TP0001649H08,1.23014107580636,3.64125,0.0430949239308988,65.5281875,0.5183125,26.378,16.0,16.0,31.0,15.1935483870968,0.230848607038123,11.3582477136728,28.1366666666667,0.0461958340883786,64.9032258064516,0.169326552573229,0.00369919530508065
20171011,MW1147-27,F6,7,Acenaphthylene,3.0,uM,DTXSID3023845,True,TP0001649H08,1.19007156012722,2.89125,0.0351800545848645,50.2244,0.3836,35.2466,16.0,15.0,25.0,14.4,0.213695634920635,8.42621228919881,34.5666666666667,0.0492436219860353,57.76,0.125368425842587,0.00220019321113344
20171011,MW1147-27,F7,7,Acenaphthylene,10.0,uM,DTXSID3023845,True,TP0001649H08,1.92993398654931,4.74,0.0551762822932695,52.64,0.6185,19.2911875,16.0,16.0,33.0,13.8484848484848,0.27948563011063,6.61365190169479,26.7140625,0.100417985455863,55.6969696969697,0.0862295826288589,0.00267586830513027
20171011,MW1147-27,F8,7,Acenaphthylene,20.0,uM,DTXSID3023845,True,TP0001649H08,0.950075763097653,2.364,0.037494833872918,50.9548571428571,0.430928571428571,34.5256428571429,15.0,14.0,20.0,14.75,0.221710903679654,9.41616649777847,44.2263157894737,0.0404765204006162,60.4,0.122231154181575,0.00250230335785544
20171011,MW1147-28,A1,5,Tetraethylthiuram disulfide,0.0003,uM,DTXSID1021322,True,TP0001649E11,0.79238510800063,1.22571428571429,0.126170353120244,18.8945,0.6105,41.4045,7.0,2.0,0.0,,,0.0,,,,0.00229903661217446,7.3125182827131e-06
20171011,MW1147-28,A2,5,Tetraethylthiuram disulfide,0.0,uM,DTXSID1021322,True,TP0001649E11,1.30689574283101,3.762,0.0913016222165633,33.82,0.5535,23.691375,10.0,8.0,0.0,,,0.0,,,,0.00082775828652746,1.3576762131276e-05
20171011,MW1147-28,A3,5,Tetraethylthiuram disulfide,0.001,uM,DTXSID1021322,True,TP0001649E11,0.723640158726974,1.04181818181818,0.128014749028079,18.633,0.603,35.944,11.0,4.0,0.0,,,0.0,,,,0.00144967963343795,5.39216192567138e-06
20171011,MW1147-28,A4,5,Tetraethylthiuram disulfide,0.003,uM,DTXSID1021322,True,TP0001649E11,0.314446093539513,0.0,,0.0,,,7.0,0.0,0.0,,,0.0,,,,0.000595963213963383,4.11451478063082e-06
20171011,MW1147-28,A5,5,Tetraethylthiuram disulfide,0.01,uM,DTXSID1021322,True,TP0001649E11,0.583799357999596,1.1,0.081990766710287,32.5727142857143,0.505714285714286,33.6984285714286,12.0,7.0,0.0,,,0.0,,,,0.00494675960761312,2.51818929338391e-05
20171011,MW1147-28,A6,5,Tetraethylthiuram disulfide,0.03,uM,DTXSID1021322,True,TP0001649E11,1.00769759250635,1.39384615384615,0.115152329212877,18.5965,0.7075,29.3813333333333,13.0,6.0,0.0,,,0.0,,,,0.00517990542090716,1.95967838067206e-05
20171011,MW1147-28,A7,5,Tetraethylthiuram disulfide,0.1,uM,DTXSID1021322,True,TP0001649E11,0.491730973917503,1.30666666666667,0.064301370764337,34.765,0.377,42.678,9.0,3.0,0.0,,,0.0,,,,0.0106051782490881,1.26757698066989e-05
20171011,MW1147-28,A8,5,Tetraethylthiuram disulfide,0.3,uM,DTXSID1021322,True,TP0001649E11,0.0,0.0,,0.0,,,0.0,0.0,0.0,,,0.0,,,,0.0,0.0
20171011,MW1147-28,B1,5,Rotenone,0.0001,uM,DTXSID6021248,True,TP0001649H01,0.812731535052657,1.77272727272727,0.0644948060004794,30.8055,0.39475,31.35175,11.0,4.0,0.0,,,0.0,,,,0.00164817977211979,1.76189430795652e-05
20171011,MW1147-28,B2,5,Rotenone,0.0,uM,DTXSID6021248,True,TP0001649H01,0.525558311816924,0.5325,0.0862752775849298,41.9733333333333,0.423666666666667,37.8296666666667,8.0,3.0,0.0,,,0.0,,,,0.00396344850455928,2.73987146009319e-06
20171011,MW1147-28,B3,5,Rotenone,0.0003,uM,DTXSID6021248,True,TP0001649H01,1.09540257017475,3.65142857142857,0.0838724221701714,50.88575,0.507,14.51825,7.0,4.0,0.0,,,0.0,,,,0.00186407870945069,1.16453033992159e-05
20171011,MW1147-28,B4,5,Rotenone,0.001,uM,DTXSID6021248,True,TP0001649H01,1.1153144911802,3.16666666666667,0.097428514637927,39.1611666666667,0.6195,34.3028333333333,9.0,6.0,0.0,,,0.0,,,,0.00162701148261882,9.47691799180195e-06
20171011,MW1147-28,B5,5,Rotenone,0.003,uM,DTXSID6021248,True,TP0001649H01,1.06756115432072,2.382,0.0899801482167412,46.16075,0.565,14.59225,10.0,4.0,0.0,,,0.0,,,,0.00170532951657433,1.1128967054852e-05
20171011,MW1147-28,B6,5,Rotenone,0.01,uM,DTXSID6021248,True,TP0001649H01,0.704650160145082,1.28181818181818,0.0841363905672708,28.6125,0.50225,26.36325,11.0,4.0,0.0,,,0.0,,,,0.000973513522460225,6.01484341300011e-06
20171011,MW1147-28,B7,5,Rotenone,0.03,uM,DTXSID6021248,True,TP0001649H01,0.0,0.0,,0.0,,,0.0,0.0,0.0,,,0.0,,,,0.0,0.0
20171011,MW1147-28,B8,5,Rotenone,0.1,uM,DTXSID6021248,True,TP0001649H01,0.0,0.0,,0.0,,,0.0,0.0,0.0,,,0.0,,,,0.0,0.0
20171011,MW1147-28,C1,5,Valinomycin,0.0001,uM,DTXSID9041150,True,EX000362,1.06016429013145,1.70571428571429,0.0668078410918166,45.2052,0.5764,39.6224,7.0,5.0,0.0,,,0.0,,,,0.0057105521537201,1.17377327473097e-05
20171011,MW1147-28,C2,5,Valinomycin,0.0,uM,DTXSID9041150,True,EX000362,1.09598865383451,3.70153846153846,0.0811883004210629,57.3653333333333,0.5625,13.6945,13.0,6.0,0.0,,,0.0,,,,0.0014907283602778,1.30804706615223e-05
20171011,MW1147-28,C3,5,Valinomycin,0.0003,uM,DTXSID9041150,True,EX000362,0.793448605641576,2.106,0.0533380006389948,45.6616666666667,0.399,29.883,10.0,3.0,0.0,,,0.0,,,,0.00285398260512427,7.50450722285708e-06
20171011,MW1147-28,C4,5,Valinomycin,0.001,uM,DTXSID9041150,True,EX000362,0.0,0.0,,0.0,,,0.0,0.0,0.0,,,0.0,,,,0.0,0.0
20171011,MW1147-28,C5,5,Valinomycin,0.003,uM,DTXSID9041150,True,EX000362,0.0,0.0,,0.0,,,0.0,0.0,0.0,,,0.0,,,,0.0,0.0
20171011,MW1147-28,C6,5,Valinomycin,0.01,uM,DTXSID9041150,True,EX000362,0.0,0.0,,0.0,,,0.0,0.0,0.0,,,0.0,,,,0.0,0.0
20171011,MW1147-28,C7,5,Valinomycin,0.03,uM,DTXSID9041150,True,EX000362,0.0,0.0,,0.0,,,0.0,0.0,0.0,,,0.0,,,,0.0,0.0
20171011,MW1147-28,C8,5,Valinomycin,0.1,uM,DTXSID9041150,True,EX000362,0.0,0.0,,0.0,,,0.0,0.0,0.0,,,0.0,,,,0.0,0.0
20171011,MW1147-28,E1,5,Perfluoroundecanoic acid,0.03,uM,DTXSID8047553,True,TP0001411E11,0.865004536468236,2.04,0.0950996462238466,36.63525,0.555,28.8905,14.0,4.0,0.0,,,0.0,,,,0.00422599931268245,9.7908843908386e-06
20171011,MW1147-28,E2,5,Perfluoroundecanoic acid,0.0,uM,DTXSID8047553,True,TP0001411E11,1.07750565091852,2.575,0.0899819460474487,40.3068,0.5342,26.564,12.0,5.0,1.0,6.0,0.17,0.0765892264488129,,,9.0,0.00241386410927429,9.14803947290229e-06
20171011,MW1147-28,E3,5,Perfluoroundecanoic acid,0.1,uM,DTXSID8047553,True,TP0001411E11,1.05586412327932,2.97272727272727,0.0775383178207784,37.3422222222222,0.440888888888889,29.8507777777778,11.0,9.0,1.0,7.0,0.20625,0.0762849241918566,,,8.0,0.0049032150343645,1.51969008215315e-05
20171011,MW1147-28,E4,5,Perfluoroundecanoic acid,0.3,uM,DTXSID8047553,True,TP0001411E11,1.0687093084903,2.565,0.0883293515731823,45.2948333333333,0.694333333333333,24.6141666666667,12.0,6.0,2.0,5.5,0.329166666666667,0.153178452897626,87.6,0.100173460668094,9.0,0.0015205132902289,2.79450317008587e-05
20171011,MW1147-28,E5,5,Perfluoroundecanoic acid,1.0,uM,DTXSID8047553,True,TP0001411E11,0.384446460652549,0.432,0.0742848630356736,31.4805,0.4205,62.99375,10.0,4.0,0.0,,,0.0,,,,0.00660991587338398,2.19235142972368e-05
20171011,MW1147-28,E6,5,Perfluoroundecanoic acid,3.0,uM,DTXSID8047553,True,TP0001411E11,0.584003062771618,1.452,0.0775694779609672,57.37675,0.55725,43.35,10.0,4.0,0.0,,,0.0,,,,0.00808525342040701,9.0211955007663e-06
20171011,MW1147-28,E7,5,Perfluoroundecanoic acid,10.0,uM,DTXSID8047553,True,TP0001411E11,0.504694004864361,0.833333333333333,0.0643223521763444,28.57675,0.33025,54.5735,9.0,4.0,0.0,,,0.0,,,,0.00467226858991661,1.60163630576147e-05
20171011,MW1147-28,E8,5,Perfluoroundecanoic acid,20.0,uM,DTXSID8047553,True,TP0001411E11,0.542225065891457,1.255,0.0746147328588845,33.39325,0.386,44.133,12.0,4.0,0.0,,,0.0,,,,0.00361563148864398,8.68100752794004e-06
20171011,MW1147-28,F1,5,"1H,1H,2H,2H-Perfluorooctyl iodide",0.03,uM,DTXSID2047565,True,TP0001413A04,0.56127278483378,1.30285714285714,0.0745721613353428,45.4406666666667,0.429666666666667,23.8746666666667,7.0,3.0,0.0,,,0.0,,,,0.00608507427295158,3.42693996135957e-06
20171011,MW1147-28,F2,5,"1H,1H,2H,2H-Perfluorooctyl iodide",0.0,uM,DTXSID2047565,True,TP0001413A04,0.844347862478891,1.72363636363636,0.0947373417812943,39.2964285714286,0.502571428571429,44.914,11.0,7.0,2.0,9.5,0.169791666666667,0.226082817705854,232.75,0.00736569563735971,9.5,0.0223793611029613,6.17018483341225e-06
20171011,MW1147-28,F3,5,"1H,1H,2H,2H-Perfluorooctyl iodide",0.1,uM,DTXSID2047565,True,TP0001413A04,0.501558185949597,1.02,0.0567285164885645,32.8026,0.2586,45.4862,10.0,5.0,0.0,,,0.0,,,,0.00493993572216054,1.72061574103488e-05
20171011,MW1147-28,F4,5,"1H,1H,2H,2H-Perfluorooctyl iodide",0.3,uM,DTXSID2047565,True,TP0001413A04,0.547132499035625,0.47,0.0634017770063638,42.306,0.4185,25.263,12.0,2.0,0.0,,,0.0,,,,0.00261811015755208,3.81219806623589e-06
20171011,MW1147-28,F5,5,"1H,1H,2H,2H-Perfluorooctyl iodide",1.0,uM,DTXSID2047565,True,TP0001413A04,1.2844511806773,4.46,0.107009430612062,41.052,0.6682,19.2816,9.0,5.0,0.0,,,0.0,,,,0.00327942912883307,1.79126517709886e-05
20171011,MW1147-28,F6,5,"1H,1H,2H,2H-Perfluorooctyl iodide",3.0,uM,DTXSID2047565,True,TP0001413A04,0.938560477783839,1.482,0.0909920771217014,40.223,0.719,23.057,10.0,3.0,0.0,,,0.0,,,,0.00399630189813309,2.2169944466427e-05
20171011,MW1147-28,F7,5,"1H,1H,2H,2H-Perfluorooctyl iodide",10.0,uM,DTXSID2047565,True,TP0001413A04,0.814893162550808,2.328,0.079002229395741,41.427,0.496833333333333,35.2685,10.0,6.0,0.0,,,0.0,,,,0.0103846012395714,2.04152392994719e-05
20171011,MW1147-28,F8,5,"1H,1H,2H,2H-Perfluorooctyl iodide",20.0,uM,DTXSID2047565,True,TP0001413A04,0.739170543205515,1.34,0.0822026260670144,33.1963333333333,0.489333333333333,17.6483333333333,12.0,3.0,1.0,6.0,0.15,0.0980512317685991,,,8.0,0.00475235133184545,1.27600031471436e-05
20171011,MW1147-28,A1,7,Tetraethylthiuram disulfide,0.0003,uM,DTXSID1021322,True,TP0001649E11,1.49389061516249,4.085,0.0602611631538029,44.8015,0.4976,26.3667,12.0,10.0,19.0,12.0526315789474,0.167526106934002,4.50672922583035,43.65,0.0457980376908984,38.4210526315789,0.0593279926123961,0.000759651000915435
20171011,MW1147-28,A2,7,Tetraethylthiuram disulfide,0.0,uM,DTXSID1021322,True,TP0001649E11,1.02055673486556,2.56125,0.0489737990585852,58.4762307692308,0.452307692307692,26.2037692307692,16.0,13.0,32.0,14.8125,0.181792957476551,9.65568862275449,28.5032258064516,0.0317871980678277,44.34375,0.127278601643689,0.00215822436004034
20171011,MW1147-28,A3,7,Tetraethylthiuram disulfide,0.001,uM,DTXSID1021322,True,TP0001649E11,2.01062732339157,4.57875,0.0471169742511478,58.7708,0.577133333333333,22.5430666666667,16.0,15.0,33.0,14.6969696969697,0.277030723905724,5.99937830276655,26.903125,0.07323309606157,52.6363636363636,0.110162761623799,0.00268803317690122
20171011,MW1147-28,A4,7,Tetraethylthiuram disulfide,0.003,uM,DTXSID1021322,True,TP0001649E11,0.897630666891734,2.636,0.0374609643445373,62.8051538461538,0.397923076923077,35.8959230769231,15.0,13.0,26.0,13.4615384615385,0.206484834609835,8.71959237343853,33.33,0.0615847578332379,40.8076923076923,0.134909080002925,0.00156666632351039
20171011,MW1147-28,A5,7,Tetraethylthiuram disulfide,0.01,uM,DTXSID1021322,True,TP0001649E11,1.44444611358218,2.20875,0.032109226835718,64.8450625,0.69475,27.7059375,16.0,16.0,22.0,15.9090909090909,0.333449675324675,10.3173076923077,39.4714285714286,0.0519791701430808,97.5454545454545,0.223729284518979,0.00760905640470093
20171011,MW1147-28,A6,7,Tetraethylthiuram disulfide,0.03,uM,DTXSID1021322,True,TP0001649E11,1.05347343956931,2.5125,0.0274377962846355,71.3083333333333,0.417866666666667,22.7876666666667,16.0,15.0,32.0,15.625,0.266146453373016,16.9874752801582,26.3370967741936,0.0378421642551828,80.53125,0.252667574820003,0.00645137429246473
20171011,MW1147-28,A7,7,Tetraethylthiuram disulfide,0.1,uM,DTXSID1021322,True,TP0001649E11,0.964964078032564,2.316,0.041520298123237,54.1541538461538,0.383076923076923,31.2319230769231,15.0,13.0,22.0,13.4090909090909,0.210786435786436,7.01471941122355,39.352380952381,0.0574919647139084,41.5909090909091,0.0909136752188007,0.00115073673315028
20171011,MW1147-28,A8,7,Tetraethylthiuram disulfide,0.3,uM,DTXSID1021322,True,TP0001649E11,0.847778757433231,0.0,,0.0,,,1.0,0.0,0.0,,,0.0,,,,0.0,0.0
20171011,MW1147-28,B1,7,Rotenone,0.0001,uM,DTXSID6021248,True,TP0001649H01,1.57466848628358,3.36,0.0401359957836097,58.91,0.4892,26.2372666666667,15.0,15.0,24.0,15.0416666666667,0.270155836640212,7.62038994597134,37.0260869565217,0.0494281429203701,67.5833333333333,0.157566327962863,0.00442301429641859
20171011,MW1147-28,B2,7,Rotenone,0.0,uM,DTXSID6021248,True,TP0001649H01,2.28182081858891,2.30727272727273,0.0747479500248924,45.5095,5.327375,29.416375,11.0,8.0,23.0,10.1739130434783,0.191784420289855,2.54757384431984,39.3931818181818,0.0267307192744881,25.0869565217391,0.0454075346758154,0.000343206255913067
20171011,MW1147-28,B3,7,Rotenone,0.0003,uM,DTXSID6021248,True,TP0001649H01,1.66444636780469,4.66666666666667,0.05941709608648,52.865625,0.546125,32.2665,9.0,8.0,16.0,9.9375,0.184564732142857,2.60343683162475,55.5366666666667,0.048273556155511,22.0625,0.0596566095161931,0.000269397923057746
20171011,MW1147-28,B4,7,Rotenone,0.001,uM,DTXSID6021248,True,TP0001649H01,2.13029875797486,4.06,0.0473994102474607,55.7248571428571,0.743357142857143,24.6330714285714,15.0,14.0,30.0,14.4666666666667,0.280044312169312,7.18573262551612,29.2706896551724,0.114288864113185,69.0333333333333,0.151947854106884,0.00443442845438586
20171011,MW1147-28,B5,7,Rotenone,0.003,uM,DTXSID6021248,True,TP0001649H01,1.43659888229204,4.0125,0.0404395410277704,60.8455,0.5149375,22.1818125,16.0,16.0,34.0,15.1176470588235,0.212268001606237,10.9634069705612,25.6287878787879,0.0344925082805063,66.7058823529412,0.1669081825511,0.00456491337401716
20171011,MW1147-28,B6,7,Rotenone,0.01,uM,DTXSID6021248,True,TP0001649H01,1.29111260306345,3.2175,0.0581302561513381,49.7902666666667,0.541933333333333,22.9310666666667,16.0,15.0,30.0,14.0666666666667,0.248482263107263,5.8842512908778,29.1775862068966,0.0489004715417714,36.4666666666667,0.0957559697266677,0.00143550914136455
20171011,MW1147-28,B7,7,Rotenone,0.03,uM,DTXSID6021248,True,TP0001649H01,0.352222629235038,0.0,,0.0,,,1.0,0.0,0.0,,,0.0,,,,0.0,0.0
20171011,MW1147-28,B8,7,Rotenone,0.1,uM,DTXSID6021248,True,TP0001649H01,0.0,0.0,,0.0,,,0.0,0.0,0.0,,,0.0,,,,0.0,0.0
20171011,MW1147-28,C1,7,Valinomycin,0.0001,uM,DTXSID9041150,True,EX000362,0.773556449443008,1.86,0.0309476652564884,71.8759,0.4207,38.934,10.0,10.0,19.0,11.6315789473684,0.221312656641604,13.9446171234812,47.3472222222222,0.0632899078161444,51.9473684210526,0.205791985640606,0.00277739589729237
20171011,MW1147-28,C2,7,Valinomycin,0.0,uM,DTXSID9041150,True,EX000362,1.46423780311924,3.7725,0.0316517569453165,58.833,0.363625,26.4045625,16.0,16.0,33.0,15.2424242424242,0.272569089159998,10.04505572682,26.8640625,0.0321552862823158,64.1818181818182,0.188082847510431,0.00622841038709889
20171011,MW1147-28,C3,7,Valinomycin,0.0003,uM,DTXSID9041150,True,EX000362,0.963630743158488,2.396,0.0442188691527669,41.6718571428571,0.345714285714286,37.9275,15.0,14.0,21.0,13.1428571428571,0.173348450491308,6.18153963998468,41.1525,0.0305325833267276,38.4285714285714,0.0758959493121191,0.0011277047508331
20171011,MW1147-28,C4,7,Valinomycin,0.001,uM,DTXSID9041150,True,EX000362,0.0,0.0,,0.0,,,0.0,0.0,0.0,,,0.0,,,,0.0,0.0
20171011,MW1147-28,C5,7,Valinomycin,0.003,uM,DTXSID9041150,True,EX000362,0.0,0.0,,0.0,,,0.0,0.0,0.0,,,0.0,,,,0.0,0.0
20171011,MW1147-28,C6,7,Valinomycin,0.01,uM,DTXSID9041150,True,EX000362,0.0,0.0,,0.0,,,0.0,0.0,0.0,,,0.0,,,,0.0,0.0
20171011,MW1147-28,C7,7,Valinomycin,0.03,uM,DTXSID9041150,True,EX000362,0.0,0.0,,0.0,,,0.0,0.0,0.0,,,0.0,,,,0.0,0.0
20171011,MW1147-28,C8,7,Valinomycin,0.1,uM,DTXSID9041150,True,EX000362,0.0,0.0,,0.0,,,0.0,0.0,0.0,,,0.0,,,,0.0,0.0
20171011,MW1147-28,E1,7,Perfluoroundecanoic acid,0.03,uM,DTXSID8047553,True,TP0001411E11,1.65081672242525,3.524,0.0467586746197259,62.4014,0.708666666666667,33.8582666666667,15.0,15.0,15.0,15.5333333333333,0.227169312169312,5.40770609318996,58.4571428571429,0.0310902610898508,80.4666666666667,0.159214228232039,0.00306777127954317
20171011,MW1147-28,E2,7,Perfluoroundecanoic acid,0.0,uM,DTXSID8047553,True,TP0001411E11,1.06414937783187,2.264,0.0311624079451703,56.8759285714286,0.357928571428571,37.9140714285714,15.0,14.0,18.0,15.8333333333333,0.212137896825397,11.5860439254935,48.4441176470588,0.0295808115305511,92.6111111111111,0.221801359954028,0.00479476847845542
20171011,MW1147-28,E3,7,Perfluoroundecanoic acid,0.1,uM,DTXSID8047553,True,TP0001411E11,0.882302606851266,1.95,0.0311589443008716,57.1210769230769,0.401230769230769,41.284,14.0,13.0,18.0,14.1666666666667,0.213462301587302,11.8189964157706,51.35,0.0329794073100566,73.2777777777778,0.186199434741986,0.00442977118783613
20171011,MW1147-28,E4,7,Perfluoroundecanoic acid,0.3,uM,DTXSID8047553,True,TP0001411E11,0.959630738536261,2.584,0.0400287924948435,60.5211333333333,0.353466666666667,33.0650666666667,15.0,15.0,19.0,15.6842105263158,0.17499791144528,11.3683562802861,47.2944444444445,0.0197167509137438,77.7894736842105,0.179082212247317,0.00269204497508164
20171011,MW1147-28,E5,7,Perfluoroundecanoic acid,1.0,uM,DTXSID8047553,True,TP0001411E11,1.05407529211663,1.888,0.028359348517693,58.1180666666667,0.349066666666667,34.6788,15.0,15.0,27.0,15.2222222222222,0.204081689915023,12.257612880644,32.7788461538462,0.0390975085938402,64.8518518518518,0.218438267344456,0.00369098832412685
20171011,MW1147-28,E6,7,Perfluoroundecanoic acid,3.0,uM,DTXSID8047553,True,TP0001411E11,1.06972345834711,2.8125,0.0328168134872155,68.6960666666667,0.3554,28.1598666666667,16.0,15.0,34.0,14.9117647058824,0.225812324929972,12.7369514411841,26.7575757575758,0.0413824022935098,57.7058823529412,0.233113227329949,0.00405512930600535
20171011,MW1147-28,E7,7,Perfluoroundecanoic acid,10.0,uM,DTXSID8047553,True,TP0001411E11,1.15680689231019,2.56125,0.0309282246815365,61.2150625,0.387125,25.76325,16.0,16.0,32.0,14.3125,0.241746565066878,11.8141433545444,27.3887096774194,0.0509410509468108,61.5,0.221898878620367,0.00577653982637354
20171011,MW1147-28,E8,7,Perfluoroundecanoic acid,20.0,uM,DTXSID8047553,True,TP0001411E11,1.18076525332874,2.80875,0.0316836740860591,60.3374375,0.415125,28.3121875,16.0,16.0,23.0,15.7391304347826,0.271326710728885,11.4038699053108,39.3159090909091,0.0312595239200814,84.304347826087,0.199908537092555,0.00512714184418947
20171011,MW1147-28,F1,7,"1H,1H,2H,2H-Perfluorooctyl iodide",0.03,uM,DTXSID2047565,True,TP0001413A04,1.2143764032794,2.9325,0.0365897916470522,55.509375,0.46525,40.13375,16.0,16.0,18.0,15.8333333333333,0.26071979717813,7.0566706696403,50.7441176470588,0.0226897218638664,68.5555555555556,0.176763299866991,0.00341680262340699
20171011,MW1147-28,F2,7,"1H,1H,2H,2H-Perfluorooctyl iodide",0.0,uM,DTXSID2047565,True,TP0001413A04,1.00708449707542,1.82625,0.0290751998576069,62.5042666666667,0.395533333333333,33.1578666666667,16.0,15.0,27.0,15.7407407407407,0.242404100529101,12.6258447110743,33.8692307692308,0.0262263224727134,67.8148148148148,0.210384292463049,0.00343482699172947
20171011,MW1147-28,F3,7,"1H,1H,2H,2H-Perfluorooctyl iodide",0.1,uM,DTXSID2047565,True,TP0001413A04,1.63266855330588,2.316,0.0451561713475884,52.7698666666667,2.4968,38.3804666666667,15.0,15.0,20.0,15.7,0.189201118326118,4.7920720394588,44.0052631578947,0.0307845974439715,52.95,0.122648854921107,0.00143402130496731
20171011,MW1147-28,F4,7,"1H,1H,2H,2H-Perfluorooctyl iodide",0.3,uM,DTXSID2047565,True,TP0001413A04,0.878969269666077,2.67428571428571,0.0387706900202314,65.8976923076923,0.387153846153846,23.851,14.0,13.0,31.0,13.7096774193548,0.252357910906298,11.4903196758217,28.3516666666667,0.0556013546213427,41.1612903225806,0.169241522375669,0.00251970975211464
20171011,MW1147-28,F5,7,"1H,1H,2H,2H-Perfluorooctyl iodide",1.0,uM,DTXSID2047565,True,TP0001413A04,1.07179611031482,2.40461538461538,0.0401329930808839,50.2898181818182,0.390909090909091,30.8725454545455,13.0,11.0,30.0,13.7,0.227986111111111,9.21582563373608,29.4189655172414,0.0596181069232411,38.9,0.123699603623643,0.00205109397331785
20171011,MW1147-28,F6,7,"1H,1H,2H,2H-Perfluorooctyl iodide",3.0,uM,DTXSID2047565,True,TP0001413A04,1.82986322561973,3.5625,0.0584070802970377,58.8037857142857,0.661,22.1354285714286,16.0,14.0,24.0,15.0833333333333,0.224338210978836,5.61669829222011,36.1521739130435,0.079447810274796,61.6666666666667,0.120900522169199,0.00220935592735645
20171011,MW1147-28,F7,7,"1H,1H,2H,2H-Perfluorooctyl iodide",10.0,uM,DTXSID2047565,True,TP0001413A04,1.10819572502617,2.5125,0.0295965380147542,61.1781875,0.3961875,32.3814375,16.0,16.0,28.0,15.2142857142857,0.268636267006803,11.5866649956135,32.3462962962963,0.0529742806598285,66.0357142857143,0.202824131097003,0.00517270920838795
20171011,MW1147-28,F8,7,"1H,1H,2H,2H-Perfluorooctyl iodide",20.0,uM,DTXSID2047565,True,TP0001413A04,1.26257090341527,2.86875,0.0321076405171327,62.7715625,0.4285625,25.8654375,16.0,16.0,29.0,15.3793103448276,0.263563964770861,10.0709531928937,30.4142857142857,0.0406534746784375,63.1379310344828,0.189551059664481,0.00410969393414253
20171011,MW1147-29,A1,5,Tetraethylthiuram disulfide,0.0003,uM,DTXSID1021322,True,TP0001649E11,0.919634289110028,2.68,0.0972885870224376,74.763,0.666,3.072,6.0,1.0,0.0,,,0.0,,,,0.00127642782717446,3.92202081334059e-06
20171011,MW1147-29,A2,5,Tetraethylthiuram disulfide,0.0,uM,DTXSID1021322,True,TP0001649E11,1.36506864474286,4.72,0.0760599587021918,50.3742,0.4696,20.279,9.0,5.0,0.0,,,0.0,,,,0.00369636254259079,1.90036475180249e-05
20171011,MW1147-29,A3,5,Tetraethylthiuram disulfide,0.001,uM,DTXSID1021322,True,TP0001649E11,0.467376105412672,0.0818181818181818,,0.0,,,11.0,0.0,0.0,,,0.0,,,,0.00306607823350045,1.00669172174717e-05
20171011,MW1147-29,A4,5,Tetraethylthiuram disulfide,0.003,uM,DTXSID1021322,True,TP0001649E11,0.854448773651564,1.64,0.104029062333967,31.6563333333333,0.531,32.2675,9.0,6.0,0.0,,,0.0,,,,0.00691402493559119,3.36216227146934e-05
20171011,MW1147-29,A5,5,Tetraethylthiuram disulfide,0.01,uM,DTXSID1021322,True,TP0001649E11,1.03838909955528,2.29636363636364,0.109704692474001,41.9356,0.7574,19.3748,11.0,5.0,0.0,,,0.0,,,,0.00214772528304206,9.56091325816326e-06
20171011,MW1147-29,A6,5,Tetraethylthiuram disulfide,0.03,uM,DTXSID1021322,True,TP0001649E11,0.845374653601949,1.58,0.0796312613907251,33.8575555555556,0.509555555555556,37.0872222222222,12.0,9.0,4.0,8.25,0.2096875,0.409174114353397,117.25,0.121555968952425,9.5,0.0156613054169502,0.000102033697661566
20171011,MW1147-29,A7,5,Tetraethylthiuram disulfide,0.1,uM,DTXSID1021322,True,TP0001649E11,1.04222750284157,3.516,0.0766342465026571,43.997,0.39,23.936,5.0,2.0,0.0,,,0.0,,,,0.00560696609174976,1.31103193902656e-05
20171011,MW1147-29,A8,5,Tetraethylthiuram disulfide,0.3,uM,DTXSID1021322,True,TP0001649E11,0.0,0.0,,0.0,,,0.0,0.0,0.0,,,0.0,,,,0.0,0.0
20171011,MW1147-29,B1,5,Rotenone,0.0001,uM,DTXSID6021248,True,TP0001649H01,1.98589895077691,3.57,0.11021784729481,42.4798333333333,1.586,25.0766666666667,10.0,6.0,0.0,,,0.0,,,,0.000667849961406025,1.83291134343913e-05
20171011,MW1147-29,B2,5,Rotenone,0.0,uM,DTXSID6021248,True,TP0001649H01,0.731029344907655,1.03384615384615,0.0980240836653645,22.3808333333333,0.5695,31.1538333333333,13.0,6.0,0.0,,,0.0,,,,0.00169663351375035,1.48476486978646e-05
20171011,MW1147-29,B3,5,Rotenone,0.0003,uM,DTXSID6021248,True,TP0001649H01,0.940967730532798,2.488,0.0804409358184074,30.067,0.445166666666667,31.1235,15.0,12.0,0.0,,,0.0,,,,0.00361816444214898,3.15969740439422e-05
20171011,MW1147-29,B4,5,Rotenone,0.001,uM,DTXSID6021248,True,TP0001649H01,0.536336050769324,0.336,0.101410577466651,14.351,0.471,55.81,10.0,3.0,0.0,,,0.0,,,,0.00109710896111847,1.02959946598702e-05
20171011,MW1147-29,B5,5,Rotenone,0.003,uM,DTXSID6021248,True,TP0001649H01,0.968814432469315,2.46428571428571,0.0772071334943514,47.6538,0.4872,15.1188,14.0,5.0,0.0,,,0.0,,,,0.00122360754113633,2.05235153622042e-05
20171011,MW1147-29,B6,5,Rotenone,0.01,uM,DTXSID6021248,True,TP0001649H01,0.521780421465247,1.068,0.0992412307071276,34.2896666666667,0.447666666666667,34.9216666666667,5.0,3.0,0.0,,,0.0,,,,0.000743135644524724,6.04085243466335e-07
20171011,MW1147-29,B7,5,Rotenone,0.03,uM,DTXSID6021248,True,TP0001649H01,0.0,0.0,,0.0,,,0.0,0.0,0.0,,,0.0,,,,0.0,0.0
20171011,MW1147-29,B8,5,Rotenone,0.1,uM,DTXSID6021248,True,TP0001649H01,0.0,0.0,,0.0,,,0.0,0.0,0.0,,,0.0,,,,0.0,0.0
20171011,MW1147-29,C1,5,Valinomycin,0.0001,uM,DTXSID9041150,True,EX000362,0.61571740534914,2.03142857142857,0.101354222435165,49.509,0.528,8.8245,7.0,2.0,0.0,,,0.0,,,,0.00118172445675707,2.41054916257089e-06
20171011,MW1147-29,C2,5,Valinomycin,0.0,uM,DTXSID9041150,True,EX000362,1.5235119926317,4.11692307692308,0.0845312192189291,34.3115,0.5489,35.8841,13.0,10.0,1.0,9.0,0.16,0.061572907920515,,,11.0,0.00267746763275496,4.09494606152704e-05
20171011,MW1147-29,C3,5,Valinomycin,0.0003,uM,DTXSID9041150,True,EX000362,1.15083916425177,3.335,0.114128799541962,30.6353333333333,0.64,26.3231666666667,12.0,6.0,0.0,,,0.0,,,,0.0013866199548583,2.04666719225283e-05
20171011,MW1147-29,C4,5,Valinomycin,0.001,uM,DTXSID9041150,True,EX000362,0.0,0.0,,0.0,,,0.0,0.0,0.0,,,0.0,,,,0.0,0.0
20171011,MW1147-29,C5,5,Valinomycin,0.003,uM,DTXSID9041150,True,EX000362,0.0,0.0,,0.0,,,0.0,0.0,0.0,,,0.0,,,,0.0,0.0
20171011,MW1147-29,C6,5,Valinomycin,0.01,uM,DTXSID9041150,True,EX000362,0.0,0.0,,0.0,,,0.0,0.0,0.0,,,0.0,,,,0.0,0.0
20171011,MW1147-29,C7,5,Valinomycin,0.03,uM,DTXSID9041150,True,EX000362,0.0,0.0,,0.0,,,0.0,0.0,0.0,,,0.0,,,,0.0,0.0
20171011,MW1147-29,C8,5,Valinomycin,0.1,uM,DTXSID9041150,True,EX000362,0.0,0.0,,0.0,,,0.0,0.0,0.0,,,0.0,,,,0.0,0.0
20171011,MW1147-29,E1,5,Perfluoroundecanoic acid,0.03,uM,DTXSID8047553,True,TP0001411E11,1.8474452578252,5.61692307692308,0.101349092500084,47.86625,0.90775,27.002875,13.0,8.0,1.0,8.0,0.3,0.0369361466365021,,,8.0,0.00272699008172071,3.71661768949538e-05
20171011,MW1147-29,E2,5,Perfluoroundecanoic acid,0.0,uM,DTXSID8047553,True,TP0001411E11,1.5293133040763,3.3,0.101292481632253,30.6618,0.7032,26.6652,8.0,5.0,0.0,,,0.0,,,,0.00398112581398065,1.67201799252809e-05
20171011,MW1147-29,E3,5,Perfluoroundecanoic acid,0.1,uM,DTXSID8047553,True,TP0001411E11,1.92130603091352,3.95,0.100308721383021,38.9575,2.919,26.1067,12.0,10.0,0.0,,,0.0,,,,0.00170653391629733,3.14997922514647e-05
20171011,MW1147-29,E4,5,Perfluoroundecanoic acid,0.3,uM,DTXSID8047553,True,TP0001411E11,0.968893797950799,0.68,0.0724330434782602,43.629,0.317,40.882,3.0,1.0,0.0,,,0.0,,,,0.00158088431123297,5.67399750550646e-06
20171011,MW1147-29,E5,5,Perfluoroundecanoic acid,1.0,uM,DTXSID8047553,True,TP0001411E11,1.19541346416896,1.944,0.103031948453932,23.320875,0.618125,25.396125,15.0,8.0,0.0,,,0.0,,,,0.00079342834070437,2.86292933870896e-05
20171011,MW1147-29,E6,5,Perfluoroundecanoic acid,3.0,uM,DTXSID8047553,True,TP0001411E11,0.904078654739258,1.71,0.0771878399771732,38.41525,0.6645,34.894,6.0,4.0,0.0,,,0.0,,,,0.013231183436185,6.25396984280195e-05
20171011,MW1147-29,E7,5,Perfluoroundecanoic acid,10.0,uM,DTXSID8047553,True,TP0001411E11,0.703336896906944,2.36571428571429,0.053755572316801,49.1135,0.35575,21.24325,7.0,4.0,0.0,,,0.0,,,,0.00417860380090779,3.74360292243539e-05
20171011,MW1147-29,E8,5,Perfluoroundecanoic acid,20.0,uM,DTXSID8047553,True,TP0001411E11,0.858337682244257,1.9425,0.0945011925959649,29.7872,0.4456,26.3228,8.0,5.0,0.0,,,0.0,,,,3.32448027525471e-05,1.29131883255806e-05
20171011,MW1147-29,F1,5,"1H,1H,2H,2H-Perfluorooctyl iodide",0.03,uM,DTXSID2047565,True,TP0001413A04,0.398224239891704,0.252,0.0564255555555535,20.519,0.271,56.64,10.0,1.0,0.0,,,0.0,,,,0.00340422380049826,7.2952277645616e-06
20171011,MW1147-29,F2,5,"1H,1H,2H,2H-Perfluorooctyl iodide",0.0,uM,DTXSID2047565,True,TP0001413A04,0.567086206570113,2.0325,0.0705073316882715,47.651,0.421,23.421,8.0,3.0,0.0,,,0.0,,,,0.00640582841296189,1.65305574385682e-05
20171011,MW1147-29,F3,5,"1H,1H,2H,2H-Perfluorooctyl iodide",0.1,uM,DTXSID2047565,True,TP0001413A04,0.875337768378026,1.236,0.0683814653465349,41.238,0.392,9.578,5.0,1.0,0.0,,,0.0,,,,0.00211453039652722,1.02449807886512e-06
20171011,MW1147-29,F4,5,"1H,1H,2H,2H-Perfluorooctyl iodide",0.3,uM,DTXSID2047565,True,TP0001413A04,0.388446412572935,0.744,0.0520832258487811,59.32175,0.331,43.91,10.0,4.0,0.0,,,0.0,,,,0.00878966147838862,1.28827799963325e-05
20171011,MW1147-29,F5,5,"1H,1H,2H,2H-Perfluorooctyl iodide",1.0,uM,DTXSID2047565,True,TP0001413A04,1.55026426492869,3.33230769230769,0.08114144895422,38.9071111111111,0.631555555555556,36.3126666666667,13.0,9.0,14.0,8.5,0.260416666666667,1.09998900011,54.5153846153846,0.0601513848765272,14.2857142857143,0.0188731557650302,0.000139037634467956
20171011,MW1147-29,F6,5,"1H,1H,2H,2H-Perfluorooctyl iodide",3.0,uM,DTXSID2047565,True,TP0001413A04,0.295557053044624,0.85,0.0521767943182158,69.549,0.323666666666667,36.3573333333333,6.0,3.0,0.0,,,0.0,,,,0.0291788210485305,5.07613437453897e-06
20171011,MW1147-29,F7,5,"1H,1H,2H,2H-Perfluorooctyl iodide",10.0,uM,DTXSID2047565,True,TP0001413A04,0.525240756457928,0.865714285714286,0.0799076831369673,26.1613333333333,0.411333333333333,56.508,7.0,3.0,0.0,,,0.0,,,,0.00443299123888868,4.26361464065753e-06
20171011,MW1147-29,F8,5,"1H,1H,2H,2H-Perfluorooctyl iodide",20.0,uM,DTXSID2047565,True,TP0001413A04,0.21400108427216,0.096,,0.0,,,5.0,0.0,0.0,,,0.0,,,,0.00182295781772085,0.0
20171011,MW1147-29,A1,7,Tetraethylthiuram disulfide,0.0003,uM,DTXSID1021322,True,TP0001649E11,0.95494268556224,2.65333333333333,0.0749776261764645,45.3835714285714,0.418142857142857,29.1428571428571,9.0,7.0,19.0,7.36842105263158,0.150244360902256,3.11546286876907,46.1194444444444,0.0375841464517489,12.8947368421053,0.0387773877193186,0.000241293673005155
20171011,MW1147-29,A2,7,Tetraethylthiuram disulfide,0.0,uM,DTXSID1021322,True,TP0001649E11,1.66556325415904,5.59714285714286,0.0544600719013898,54.9235,0.499,22.3672142857143,14.0,14.0,27.0,13.7407407407407,0.225670194003527,6.16979970642549,31.0961538461538,0.0628460074331225,48.2592592592593,0.0807356830460215,0.00187975020844808
20171011,MW1147-29,A3,7,Tetraethylthiuram disulfide,0.001,uM,DTXSID1021322,True,TP0001649E11,0.618891749544087,1.82625,0.0488441344651625,49.424,0.329923076923077,37.5776153846154,16.0,13.0,22.0,14.0454545454545,0.155652753181162,8.04533213644524,40.7619047619048,0.0250908822944438,32.5909090909091,0.0847478484586114,0.0008573961640939
20171011,MW1147-29,A4,7,Tetraethylthiuram disulfide,0.003,uM,DTXSID1021322,True,TP0001649E11,0.868300309773284,2.464,0.0504362797337793,50.6595714285714,0.441785714285714,31.5785,15.0,14.0,26.0,14.0,0.184907037407037,8.90481064483112,34.108,0.0313056644239161,40.1538461538462,0.107119161523243,0.00177261543203429
20171011,MW1147-29,A5,7,Tetraethylthiuram disulfide,0.01,uM,DTXSID1021322,True,TP0001649E11,1.96860169190708,6.064,0.0518819535590586,59.1962307692308,0.628923076923077,16.4566923076923,15.0,13.0,26.0,13.6923076923077,0.279837454212454,4.97441300421433,32.496,0.0320627874299984,50.8461538461538,0.0772239666073555,0.00230305400335895
20171011,MW1147-29,A6,7,Tetraethylthiuram disulfide,0.03,uM,DTXSID1021322,True,TP0001649E11,1.78216101532203,4.7025,0.0448971845986713,64.0472666666667,0.579,18.2731333333333,16.0,15.0,31.0,14.4516129032258,0.370353069869199,7.0451622959124,27.1033333333333,0.102220867817515,58.3225806451613,0.131912135240434,0.00413954815439753
20171011,MW1147-29,A7,7,Tetraethylthiuram disulfide,0.1,uM,DTXSID1021322,True,TP0001649E11,0.901670834389634,1.968,0.0786397562525924,30.7475714285714,0.499,30.8458571428571,10.0,7.0,15.0,8.73333333333333,0.131796296296296,2.68771845245269,52.225,0.032841546905038,14.8666666666667,0.0176258829279753,0.000142672055645407
20171011,MW1147-29,A8,7,Tetraethylthiuram disulfide,0.3,uM,DTXSID1021322,True,TP0001649E11,0.0,0.0,,0.0,,,0.0,0.0,0.0,,,0.0,,,,0.0,0.0
20171011,MW1147-29,B1,7,Rotenone,0.0001,uM,DTXSID6021248,True,TP0001649H01,2.32534408159042,6.024,0.0614641860687452,41.4032857142857,0.5985,23.3752857142857,15.0,14.0,25.0,13.84,0.212607936507937,4.6200840015273,35.26875,0.0383900186682291,58.08,0.056340530627781,0.00224897790343322
20171011,MW1147-29,B2,7,Rotenone,0.0,uM,DTXSID6021248,True,TP0001649H01,1.37278412309106,3.765,0.0411932067116987,64.7630666666667,0.518266666666667,20.7776666666667,16.0,15.0,37.0,14.1891891891892,0.266952488202488,9.61655200323756,23.3777777777778,0.0822601215872093,51.3783783783784,0.138725389812868,0.00398166234155119
20171011,MW1147-29,B3,7,Rotenone,0.0003,uM,DTXSID6021248,True,TP0001649H01,2.03091216510512,5.6625,0.0524140016202122,60.1800625,0.635125,16.93,16.0,16.0,34.0,13.9705882352941,0.274332399626517,7.34484527269619,25.4272727272727,0.0487473906891146,63.1764705882353,0.114134199897594,0.00396624306346759
20171011,MW1147-29,B4,7,Rotenone,0.001,uM,DTXSID6021248,True,TP0001649H01,1.34548240959488,4.04571428571429,0.0576104872661857,55.3523571428571,0.508214285714286,22.256,14.0,14.0,37.0,12.5405405405405,0.232304536679537,7.67688679245283,21.9027777777778,0.0556477816482628,35.1891891891892,0.111107342391347,0.00179562204140233
20171011,MW1147-29,B5,7,Rotenone,0.003,uM,DTXSID6021248,True,TP0001649H01,1.50202083156295,4.4775,0.0497973660974671,56.3956875,0.479625,28.1221875,16.0,16.0,28.0,12.7142857142857,0.228823696145125,5.15049239447039,30.1925925925926,0.0457621109545308,39.7857142857143,0.0847663855445125,0.00183921451972601
20171011,MW1147-29,B6,7,Rotenone,0.01,uM,DTXSID6021248,True,TP0001649H01,0.785046363701483,1.76769230769231,0.0752075817379215,50.091125,0.569625,35.225625,13.0,8.0,2.0,7.0,0.264583333333333,0.183823529411765,256.45,0.11195857368787,8.5,0.0163078914397587,7.49738447555122e-05
20171011,MW1147-29,B7,7,Rotenone,0.03,uM,DTXSID6021248,True,TP0001649H01,0.218889900646652,0.0,,0.0,,,2.0,0.0,0.0,,,0.0,,,,-0.00201918085099359,0.0
20171011,MW1147-29,B8,7,Rotenone,0.1,uM,DTXSID6021248,True,TP0001649H01,0.0,0.0,,0.0,,,0.0,0.0,0.0,,,0.0,,,,0.0,0.0
20171011,MW1147-29,C1,7,Valinomycin,0.0001,uM,DTXSID9041150,True,EX000362,1.02018990072962,2.96,0.0551736438195717,54.076875,0.47075,18.96575,12.0,8.0,19.0,11.3157894736842,0.172364243943191,4.13961038961039,47.575,0.0396396842074657,24.1578947368421,0.0739630245826266,0.000547865110672024
20171011,MW1147-29,C2,7,Valinomycin,0.0,uM,DTXSID9041150,True,EX000362,2.33528857200051,6.75375,0.0692570476720649,49.9430666666667,0.676066666666667,16.2755333333333,16.0,15.0,32.0,13.71875,0.239977461774337,4.09777566313786,27.8758064516129,0.0684786953249373,43.0625,0.0528499659505449,0.00169243398048726
20171011,MW1147-29,C3,7,Valinomycin,0.0003,uM,DTXSID9041150,True,EX000362,1.46937187112839,4.56,0.0518339857525104,51.9160833333333,0.42225,27.5935,14.0,12.0,18.0,12.6666666666667,0.177593694885362,3.45180398492192,48.5529411764706,0.0444933495092745,35.6111111111111,0.0623998793450533,0.000609978408999912
20171011,MW1147-29,C4,7,Valinomycin,0.001,uM,DTXSID9041150,True,EX000362,0.0,0.0,,0.0,,,0.0,0.0,0.0,,,0.0,,,,0.0,0.0
20171011,MW1147-29,C5,7,Valinomycin,0.003,uM,DTXSID9041150,True,EX000362,0.0,0.0,,0.0,,,0.0,0.0,0.0,,,0.0,,,,0.0,0.0
20171011,MW1147-29,C6,7,Valinomycin,0.01,uM,DTXSID9041150,True,EX000362,0.0,0.0,,0.0,,,0.0,0.0,0.0,,,0.0,,,,0.0,0.0
20171011,MW1147-29,C7,7,Valinomycin,0.03,uM,DTXSID9041150,True,EX000362,0.0,0.0,,0.0,,,0.0,0.0,0.0,,,0.0,,,,0.0,0.0
20171011,MW1147-29,C8,7,Valinomycin,0.1,uM,DTXSID9041150,True,EX000362,0.0,0.0,,0.0,,,0.0,0.0,0.0,,,0.0,,,,0.0,0.0
20171011,MW1147-29,E1,7,Perfluoroundecanoic acid,0.03,uM,DTXSID8047553,True,TP0001411E11,1.69986896828323,4.11,0.0576031465271075,48.1932,0.569866666666667,21.4594,16.0,15.0,23.0,14.3913043478261,0.201191142794404,5.28229430509028,38.7181818181818,0.0364057378113009,56.2173913043478,0.0811964379624295,0.00170745285206948
20171011,MW1147-29,E2,7,Perfluoroundecanoic acid,0.0,uM,DTXSID8047553,True,TP0001411E11,1.76795688983834,4.66153846153846,0.0550680913336481,57.2558181818182,0.589454545454545,17.8370909090909,13.0,11.0,35.0,11.7714285714286,0.253759353741497,5.99027302932537,26.0132352941176,0.056988860086115,35.5428571428571,0.101459067910023,0.00197450779897671
20171011,MW1147-29,E3,7,Perfluoroundecanoic acid,0.1,uM,DTXSID8047553,True,TP0001411E11,1.79645274804826,4.616,0.0776104075083616,61.9583,1.0824,9.944,15.0,10.0,36.0,11.4722222222222,0.225998501883919,3.98104265402844,25.1957142857143,0.0902578677345469,26.8333333333333,0.0523755247757074,0.00110261918430993
20171011,MW1147-29,E4,7,Perfluoroundecanoic acid,0.3,uM,DTXSID8047553,True,TP0001411E11,1.01963434260615,2.27,0.0967112247854279,22.751,0.545,43.459,6.0,4.0,2.0,8.5,0.0741071428571427,0.442477876106195,651.25,0.00631345340345139,12.5,0.0120544021099938,3.15953643879134e-05
20171011,MW1147-29,E5,7,Perfluoroundecanoic acid,1.0,uM,DTXSID8047553,True,TP0001411E11,2.05023169884874,4.944,0.0568428683150779,45.41,0.577571428571429,23.3847142857143,15.0,14.0,35.0,13.6285714285714,0.28277213461142,5.28288288288288,25.7779411764706,0.0945962060454636,41.8857142857143,0.0765074814569121,0.00202466215089186
20171011,MW1147-29,E6,7,Perfluoroundecanoic acid,3.0,uM,DTXSID8047553,True,TP0001411E11,1.1881999365686,2.40375,0.0519136545338127,59.5412,0.814066666666667,32.1862,16.0,15.0,32.0,12.8125,0.255249422886142,7.0718877849211,25.8241935483871,0.113656939670208,37.8125,0.0996940937848378,0.00175121201871384
20171011,MW1147-29,E7,7,Perfluoroundecanoic acid,10.0,uM,DTXSID8047553,True,TP0001411E11,1.21285282829752,2.91375,0.0466984524921552,49.89125,0.485666666666667,25.6645833333333,16.0,12.0,33.0,13.3939393939394,0.211547619047619,9.24706555969081,27.6984375,0.051147887703452,48.9393939393939,0.100987412820014,0.00276688671674324
20171011,MW1147-29,E8,7,Perfluoroundecanoic acid,20.0,uM,DTXSID8047553,True,TP0001411E11,0.996988735287615,2.98285714285714,0.0373446667351507,60.1234285714286,0.3725,29.8468571428571,14.0,14.0,22.0,13.5454545454545,0.220447781385281,10.1532110820037,40.5547619047619,0.0600723832144986,58.1363636363636,0.160397506789404,0.00313286593731217
20171011,MW1147-29,F1,7,"1H,1H,2H,2H-Perfluorooctyl iodide",0.03,uM,DTXSID2047565,True,TP0001413A04,1.70932414019226,4.16769230769231,0.0435838098033429,55.6759090909091,0.454545454545455,15.8977272727273,13.0,11.0,37.0,12.8648648648649,0.280987237237237,7.21065447497888,23.2847222222222,0.0672529279807649,39.2162162162162,0.0891960372417299,0.00202711028858391
20171011,MW1147-29,F2,7,"1H,1H,2H,2H-Perfluorooctyl iodide",0.0,uM,DTXSID2047565,True,TP0001413A04,1.03917146994813,3.8325,0.0485935977350572,56.2896923076923,0.362538461538462,25.7427692307692,16.0,13.0,29.0,13.1034482758621,0.208640873015873,6.04116546377974,29.9589285714286,0.035760264636576,31.1724137931034,0.0756841561399145,0.00117574504222099
20171011,MW1147-29,F3,7,"1H,1H,2H,2H-Perfluorooctyl iodide",0.1,uM,DTXSID2047565,True,TP0001413A04,0.880744811738982,2.54,0.0382808915496405,44.0028888888889,0.314,36.1995555555556,9.0,9.0,29.0,9.96551724137931,0.194885057471264,9.19714050041243,30.6446428571429,0.0532271888962229,23.0689655172414,0.108015722547823,0.00101856016457416
20171011,MW1147-29,F4,7,"1H,1H,2H,2H-Perfluorooctyl iodide",0.3,uM,DTXSID2047565,True,TP0001413A04,1.18111657049437,3.33230769230769,0.0359228845602814,65.8415384615385,0.400923076923077,23.2283076923077,13.0,13.0,33.0,11.969696969697,0.369141414141414,8.07336799537839,26.88125,0.0929487133750468,33.8787878787879,0.148836911739759,0.00243104936516308
20171011,MW1147-29,F5,7,"1H,1H,2H,2H-Perfluorooctyl iodide",1.0,uM,DTXSID2047565,True,TP0001413A04,1.05708821942999,3.0825,0.0424006447102721,51.2524285714286,0.385357142857143,26.3499285714286,16.0,14.0,25.0,14.76,0.233579365079365,7.50229930363947,35.5875,0.0419418501111416,45.68,0.0931024690011584,0.00163600527977447
20171011,MW1147-29,F6,7,"1H,1H,2H,2H-Perfluorooctyl iodide",3.0,uM,DTXSID2047565,True,TP0001413A04,0.907464511962951,2.71714285714286,0.0459345709295257,57.1776363636364,0.370636363636364,31.1187272727273,14.0,11.0,25.0,12.64,0.209400396825397,7.84979961665795,33.9083333333333,0.0758393615860946,36.04,0.124155003740742,0.00108269607959785
20171011,MW1147-29,F7,7,"1H,1H,2H,2H-Perfluorooctyl iodide",10.0,uM,DTXSID2047565,True,TP0001413A04,0.950596986463108,2.192,0.0518841432187988,65.3947272727273,0.523,23.1437272727273,15.0,11.0,30.0,12.3666666666667,0.294393518518519,6.66614749630091,29.1448275862069,0.0667246945739797,28.5333333333333,0.0907564184479785,0.00103802731775231
20171011,MW1147-29,F8,7,"1H,1H,2H,2H-Perfluorooctyl iodide",20.0,uM,DTXSID2047565,True,TP0001413A04,0.662738106057844,1.62461538461538,0.044767715685501,46.7956363636364,0.267454545454545,56.9811818181818,13.0,11.0,20.0,12.15,0.156145833333333,6.28118203914545,44.1657894736842,0.0277840605400809,24.55,0.107285822866846,6.01940706646612e-05
20171011,MW1147-30,A1,5,Tetraethylthiuram disulfide,0.0003,uM,DTXSID1021322,True,TP0001649E11,1.5944631528121,2.57142857142857,0.0994202130885062,49.101,1.3195,45.916,7.0,2.0,0.0,,,0.0,,,,0.000620332012522145,1.09223582605983e-05
20171011,MW1147-30,A2,5,Tetraethylthiuram disulfide,0.0,uM,DTXSID1021322,True,TP0001649E11,0.801787185414087,1.56,0.0628482176870742,34.637,0.402,7.329,5.0,1.0,0.0,,,0.0,,,,0.00153313124952033,5.98394887986464e-06
20171011,MW1147-30,A3,5,Tetraethylthiuram disulfide,0.001,uM,DTXSID1021322,True,TP0001649E11,0.206391310546933,0.015,,0.0,,,4.0,0.0,0.0,,,0.0,,,,-0.000809202479326453,0.0
20171011,MW1147-30,A4,5,Tetraethylthiuram disulfide,0.003,uM,DTXSID1021322,True,TP0001649E11,0.496394713253524,0.21,0.0703616901408442,7.427,0.333,41.299,8.0,1.0,0.0,,,0.0,,,,0.00311096881498149,1.00410941560047e-05
20171011,MW1147-30,A5,5,Tetraethylthiuram disulfide,0.01,uM,DTXSID1021322,True,TP0001649E11,1.21572855026261,3.15428571428571,0.0821383209164064,36.9155,0.5035,35.017,7.0,4.0,0.0,,,0.0,,,,0.00625111271978698,3.50456426447682e-06
20171011,MW1147-30,A6,5,Tetraethylthiuram disulfide,0.03,uM,DTXSID1021322,True,TP0001649E11,1.41112766834242,3.05142857142857,0.121322971063596,35.0985,0.846,5.0555,7.0,2.0,0.0,,,0.0,,,,0.00221980178260949,6.41094989248941e-06
20171011,MW1147-30,A7,5,Tetraethylthiuram disulfide,0.1,uM,DTXSID1021322,True,TP0001649E11,0.204446843287406,0.12,0.0466745945945936,23.59,0.192,55.815,5.0,1.0,0.0,,,0.0,,,,0.0120269231238843,0.0
20171011,MW1147-30,A8,5,Tetraethylthiuram disulfide,0.3,uM,DTXSID1021322,True,TP0001649E11,2.54891879620276,7.62,0.128612753623188,29.032,0.623,7.248,1.0,1.0,0.0,,,0.0,,,,0.0,0.0
20171011,MW1147-30,B1,5,Rotenone,0.0001,uM,DTXSID6021248,True,TP0001649H01,0.682071495035701,0.72,0.0884117287227444,16.1643333333333,0.457666666666667,41.3226666666667,7.0,3.0,0.0,,,0.0,,,,0.00149344368234324,2.11643572158027e-06
20171011,MW1147-30,B2,5,Rotenone,0.0,uM,DTXSID6021248,True,TP0001649H01,0.445144111913135,0.7575,0.0849365811965808,47.171,0.537,11.403,8.0,1.0,0.0,,,0.0,,,,0.00586939414510404,3.2502223474562e-06
20171011,MW1147-30,B3,5,Rotenone,0.0003,uM,DTXSID6021248,True,TP0001649H01,0.597885803072211,0.425454545454545,0.114133168953797,17.64225,0.537,60.29075,11.0,4.0,0.0,,,0.0,,,,0.00102894373494768,1.45160086831436e-05
20171011,MW1147-30,B4,5,Rotenone,0.001,uM,DTXSID6021248,True,TP0001649H01,0.818065154186698,1.335,0.0961786043290038,27.37025,0.584,24.15725,8.0,4.0,0.0,,,0.0,,,,0.00172275173790081,1.08544933824839e-05
20171011,MW1147-30,B5,5,Rotenone,0.003,uM,DTXSID6021248,True,TP0001649H01,0.599673702838113,1.482,0.0730776939597854,60.8441666666667,0.706833333333333,36.2121666666667,10.0,6.0,15.0,9.33333333333333,0.199027777777778,4.32884685340124,49.925,0.0283965797366645,15.8666666666667,0.052345693431168,0.000175386252676176
20171011,MW1147-30,B6,5,Rotenone,0.01,uM,DTXSID6021248,True,TP0001649H01,0.985011557468941,3.18,0.121137854384758,34.6713333333333,0.649666666666667,16.233,6.0,3.0,0.0,,,0.0,,,,0.000439834510961703,9.48828127322887e-06
20171011,MW1147-30,B7,5,Rotenone,0.03,uM,DTXSID6021248,True,TP0001649H01,0.0,0.0,,0.0,,,0.0,0.0,0.0,,,0.0,,,,0.0,0.0
20171011,MW1147-30,B8,5,Rotenone,0.1,uM,DTXSID6021248,True,TP0001649H01,0.0,0.0,,0.0,,,0.0,0.0,0.0,,,0.0,,,,0.0,0.0
20171011,MW1147-30,C1,5,Valinomycin,0.0001,uM,DTXSID9041150,True,EX000362,1.06686436972712,1.69,0.100770135285085,22.122,0.481666666666667,44.861,6.0,3.0,0.0,,,0.0,,,,0.00162625352864099,1.28445289347875e-05
20171011,MW1147-30,C2,5,Valinomycin,0.0,uM,DTXSID9041150,True,EX000362,0.858676741807104,1.638,0.0998589295249667,26.1238333333333,0.5345,35.6981666666667,10.0,6.0,0.0,,,0.0,,,,0.00227662814869164,4.7228823301082e-05
20171011,MW1147-30,C3,5,Valinomycin,0.0003,uM,DTXSID9041150,True,EX000362,0.850380348166456,0.22,0.138472558139539,4.316,0.595,84.953,3.0,1.0,0.0,,,0.0,,,,-8.41739519866141e-05,1.38785331606217e-06
20171011,MW1147-30,C4,5,Valinomycin,0.001,uM,DTXSID9041150,True,EX000362,0.0,0.0,,0.0,,,0.0,0.0,0.0,,,0.0,,,,0.0,0.0
20171011,MW1147-30,C5,5,Valinomycin,0.003,uM,DTXSID9041150,True,EX000362,0.0,0.0,,0.0,,,0.0,0.0,0.0,,,0.0,,,,0.0,0.0
20171011,MW1147-30,C6,5,Valinomycin,0.01,uM,DTXSID9041150,True,EX000362,0.0,0.0,,0.0,,,0.0,0.0,0.0,,,0.0,,,,0.0,0.0
20171011,MW1147-30,C7,5,Valinomycin,0.03,uM,DTXSID9041150,True,EX000362,0.0,0.0,,0.0,,,0.0,0.0,0.0,,,0.0,,,,0.0,0.0
20171011,MW1147-30,C8,5,Valinomycin,0.1,uM,DTXSID9041150,True,EX000362,0.0,0.0,,0.0,,,0.0,0.0,0.0,,,0.0,,,,0.0,0.0
20171011,MW1147-30,E1,5,Perfluoroundecanoic acid,0.03,uM,DTXSID8047553,True,TP0001411E11,1.10630927699181,3.52666666666667,0.105344935690521,31.2323333333333,0.544666666666667,33.1898333333333,9.0,6.0,0.0,,,0.0,,,,0.000701717339248796,9.18077758010893e-06
20171011,MW1147-30,E2,5,Perfluoroundecanoic acid,0.0,uM,DTXSID8047553,True,TP0001411E11,0.729373637349091,1.41428571428571,0.104925513965705,28.074,0.50775,32.10075,7.0,4.0,0.0,,,0.0,,,,0.00215016586119562,6.48973460983434e-06
20171011,MW1147-30,E3,5,Perfluoroundecanoic acid,0.1,uM,DTXSID8047553,True,TP0001411E11,0.522367240220063,0.105,0.18029411764706,3.347,0.766,102.108,8.0,1.0,0.0,,,0.0,,,,-2.40272310902147e-05,8.80397970914881e-07
20171011,MW1147-30,E4,5,Perfluoroundecanoic acid,0.3,uM,DTXSID8047553,True,TP0001411E11,0.433116193007776,0.576,0.0759166579634464,43.006,0.404,12.076,10.0,1.0,0.0,,,0.0,,,,0.000606370767416406,4.80926339767318e-06
20171011,MW1147-30,E5,5,Perfluoroundecanoic acid,1.0,uM,DTXSID8047553,True,TP0001411E11,0.719214787993195,0.214285714285714,0.098867199999999,8.345,0.449,79.803,7.0,1.0,0.0,,,0.0,,,,-0.000299745011419169,1.03830132359151e-05
20171011,MW1147-30,E6,5,Perfluoroundecanoic acid,3.0,uM,DTXSID8047553,True,TP0001411E11,0.643499613887533,0.445714285714286,0.122014463276836,12.414,0.54,20.965,7.0,1.0,0.0,,,0.0,,,,0.000766109925388062,7.5682814213394e-06
20171011,MW1147-30,E7,5,Perfluoroundecanoic acid,10.0,uM,DTXSID8047553,True,TP0001411E11,0.140001642685941,0.03,,0.0,,,2.0,0.0,0.0,,,0.0,,,,0.0071370436959785,0.0
20171011,MW1147-30,E8,5,Perfluoroundecanoic acid,20.0,uM,DTXSID8047553,True,TP0001411E11,0.648526127891752,0.26,0.135762162162161,5.062,0.628,100.996,3.0,1.0,0.0,,,0.0,,,,-0.00139090622245605,1.56126401337775e-06
20171011,MW1147-30,F1,5,"1H,1H,2H,2H-Perfluorooctyl iodide",0.03,uM,DTXSID2047565,True,TP0001413A04,0.572895610864056,2.064,0.0794159069622961,58.2773333333333,0.404666666666667,31.693,5.0,3.0,0.0,,,0.0,,,,-1.5717442966376e-05,5.72239125602725e-06
20171011,MW1147-30,F2,5,"1H,1H,2H,2H-Perfluorooctyl iodide",0.0,uM,DTXSID2047565,True,TP0001413A04,0.440005162727243,0.0,,0.0,,,3.0,0.0,0.0,,,0.0,,,,0.00177932188507466,4.06920557217277e-06
20171011,MW1147-30,F3,5,"1H,1H,2H,2H-Perfluorooctyl iodide",0.1,uM,DTXSID2047565,True,TP0001413A04,0.699637838713604,1.18,0.0470590673575124,31.47,0.343,16.588,3.0,1.0,0.0,,,0.0,,,,0.00882259996009348,7.65860144746888e-09
20171011,MW1147-30,F4,5,"1H,1H,2H,2H-Perfluorooctyl iodide",0.3,uM,DTXSID2047565,True,TP0001413A04,0.282781095742634,0.3825,0.045446377151799,30.0185,0.185,48.947,8.0,2.0,0.0,,,0.0,,,,0.00748305964386938,1.22654432575531e-05
20171011,MW1147-30,F5,5,"1H,1H,2H,2H-Perfluorooctyl iodide",1.0,uM,DTXSID2047565,True,TP0001413A04,0.781243734494386,1.03333333333333,0.103102690642268,28.943,0.505666666666667,41.255,9.0,3.0,0.0,,,0.0,,,,0.00258600966151285,1.42970599082415e-05
20171011,MW1147-30,F6,5,"1H,1H,2H,2H-Perfluorooctyl iodide",3.0,uM,DTXSID2047565,True,TP0001413A04,1.56557392495628,0.32,0.194176271186439,2.34,0.881,70.217,3.0,1.0,0.0,,,0.0,,,,0.000498683694683325,3.88645644414098e-06
20171011,MW1147-30,F7,5,"1H,1H,2H,2H-Perfluorooctyl iodide",10.0,uM,DTXSID2047565,True,TP0001413A04,0.376948867311154,0.135,0.0520432432432493,45.0,0.241,120.125,4.0,1.0,0.0,,,0.0,,,,-0.00130465205122713,6.91278771614706e-06
20171011,MW1147-30,F8,5,"1H,1H,2H,2H-Perfluorooctyl iodide",20.0,uM,DTXSID2047565,True,TP0001413A04,0.621118398900325,1.94,0.0828624819588704,48.754,0.4635,23.897,3.0,2.0,0.0,,,0.0,,,,0.00365154235067399,1.30029665029868e-05
20171011,MW1147-30,A1,7,Tetraethylthiuram disulfide,0.0003,uM,DTXSID1021322,True,TP0001649E11,1.34047785862641,2.83285714285714,0.0394141029754266,55.1682307692308,0.564846153846154,28.5039230769231,14.0,13.0,23.0,14.6086956521739,0.244916752933057,7.44298426542519,38.9886363636364,0.0603938953948703,54.9130434782609,0.155370851366721,0.00322463303285853
20171011,MW1147-30,A2,7,Tetraethylthiuram disulfide,0.0,uM,DTXSID1021322,True,TP0001649E11,0.972425452553695,2.73272727272727,0.0357231801676275,57.0208181818182,0.327545454545455,35.1821818181818,11.0,11.0,32.0,11.8125,0.183000372023809,12.327788549852,28.1564516129032,0.0472759673776294,37.75,0.173648148890969,0.0024570923581453
20171011,MW1147-30,A3,7,Tetraethylthiuram disulfide,0.001,uM,DTXSID1021322,True,TP0001649E11,0.921334479882908,2.248,0.0492716427867881,44.2531666666667,0.404583333333333,37.90175,15.0,12.0,32.0,12.84375,0.179293464781746,9.93334939372039,27.5016129032258,0.0586249492655908,38.65625,0.097158946933783,0.00164682737278841
20171011,MW1147-30,A4,7,Tetraethylthiuram disulfide,0.003,uM,DTXSID1021322,True,TP0001649E11,1.18365226664028,2.64857142857143,0.0437458342699466,56.5672307692308,0.485846153846154,26.866,14.0,13.0,35.0,12.3428571428571,0.264846088435374,10.4484605087015,24.625,0.0876653283019888,44.6,0.150790321397748,0.00347168372941407
20171011,MW1147-30,A5,7,Tetraethylthiuram disulfide,0.01,uM,DTXSID1021322,True,TP0001649E11,1.03977907172507,2.664,0.0506963342866634,59.4647142857143,0.551071428571429,26.7008571428571,15.0,14.0,25.0,13.96,0.282195634920635,10.4936952340244,32.4895833333333,0.0732330327495412,58.92,0.154499772185453,0.00302751012548583
20171011,MW1147-30,A6,7,Tetraethylthiuram disulfide,0.03,uM,DTXSID1021322,True,TP0001649E11,1.42289065959727,3.488,0.0471898522816061,56.5617333333333,0.549333333333333,36.1203333333333,15.0,15.0,27.0,13.3333333333333,0.202327006840896,7.4723678065487,32.2615384615385,0.0432465245892628,53.3333333333333,0.128087822502323,0.00215978517275771
20171011,MW1147-30,A7,7,Tetraethylthiuram disulfide,0.1,uM,DTXSID1021322,True,TP0001649E11,0.648889696396067,1.25142857142857,0.0392714753549254,33.797,0.226,45.7225,7.0,6.0,17.0,7.05882352941176,0.152549019607843,6.88905003625816,53.63125,0.0468434806884217,16.7647058823529,0.0718182933083067,0.000226250842964619
20171011,MW1147-30,A8,7,Tetraethylthiuram disulfide,0.3,uM,DTXSID1021322,True,TP0001649E11,1.02889016928554,0.0,,0.0,,,1.0,0.0,0.0,,,0.0,,,,0.0,0.0
20171011,MW1147-30,B1,7,Rotenone,0.0001,uM,DTXSID6021248,True,TP0001649H01,0.699402579769364,1.68923076923077,0.0316196818356311,54.4633636363636,0.336090909090909,39.4900909090909,13.0,11.0,25.0,12.8,0.202963492063492,12.4622265200048,35.6770833333333,0.0351656014211454,41.24,0.161079251194089,0.0022694326654206
20171011,MW1147-30,B2,7,Rotenone,0.0,uM,DTXSID6021248,True,TP0001649H01,0.914958403572167,2.45538461538462,0.0412258041665961,55.09,0.3869,26.7474,13.0,10.0,27.0,12.4074074074074,0.189195693709583,10.1486748545572,31.0403846153846,0.0364067090592765,40.7037037037037,0.126865691875834,0.00224379354145534
20171011,MW1147-30,B3,7,Rotenone,0.0003,uM,DTXSID6021248,True,TP0001649H01,1.79930779469414,4.365,0.0678318852736808,44.0642142857143,0.664714285714286,17.4956428571429,16.0,14.0,53.0,11.622641509434,0.249050239592692,5.63874951756079,16.2730769230769,0.096672562544825,27.5660377358491,0.0584938567182698,0.00153827688797601
20171011,MW1147-30,B4,7,Rotenone,0.001,uM,DTXSID6021248,True,TP0001649H01,1.15444588108821,2.47846153846154,0.090439938310025,33.1418571428571,0.616,17.6391428571429,13.0,7.0,12.0,9.91666666666667,0.139365079365079,1.74380104480906,77.8045454545454,0.0248139637229425,19.75,0.0167572290452871,0.000194370550103333
20171011,MW1147-30,B5,7,Rotenone,0.003,uM,DTXSID6021248,True,TP0001649H01,1.19312648477963,3.4575,0.0491354077903487,71.7094285714286,0.5715,21.2047142857143,16.0,14.0,38.0,13.7105263157895,0.261267776448698,8.77131715266865,23.0581081081081,0.0630017755680396,39.6578947368421,0.129776704732043,0.00306285313628597
20171011,MW1147-30,B6,7,Rotenone,0.01,uM,DTXSID6021248,True,TP0001649H01,0.0,0.0,,0.0,,,0.0,0.0,0.0,,,0.0,,,,0.0,0.0
20171011,MW1147-30,B7,7,Rotenone,0.03,uM,DTXSID6021248,True,TP0001649H01,0.13888906172861,0.0,,0.0,,,1.0,0.0,0.0,,,0.0,,,,0.0,0.0
20171011,MW1147-30,B8,7,Rotenone,0.1,uM,DTXSID6021248,True,TP0001649H01,0.0,0.0,,0.0,,,0.0,0.0,0.0,,,0.0,,,,0.0,0.0
20171011,MW1147-30,C1,7,Valinomycin,0.0001,uM,DTXSID9041150,True,EX000362,1.00889014439662,2.24142857142857,0.0496049752853676,48.10125,0.465916666666667,35.40425,14.0,12.0,20.0,13.6,0.18642306998557,8.04939043451079,42.3815789473684,0.0383297752043562,51.5,0.110736175191535,0.00196529897354845
20171011,MW1147-30,C2,7,Valinomycin,0.0,uM,DTXSID9041150,True,EX000362,1.9240996166573,4.24125,0.0494952359794707,56.970625,0.71425,20.790875,16.0,16.0,41.0,14.9756097560976,0.254455552915919,8.89305951564587,20.505,0.0397958589169883,60.0975609756098,0.144500736623203,0.00466004804319158
20171011,MW1147-30,C3,7,Valinomycin,0.0003,uM,DTXSID9041150,True,EX000362,0.919667811142165,2.064,0.0708484418507362,27.5368333333333,0.413,36.7558333333333,10.0,6.0,13.0,8.69230769230769,0.137291666666667,2.26917997358626,65.1625,0.0180914440336371,14.5384615384615,0.0233654297183505,9.26760450316311e-05
20171011,MW1147-30,C4,7,Valinomycin,0.001,uM,DTXSID9041150,True,EX000362,0.0,0.0,,0.0,,,0.0,0.0,0.0,,,0.0,,,,0.0,0.0
20171011,MW1147-30,C5,7,Valinomycin,0.003,uM,DTXSID9041150,True,EX000362,0.0,0.0,,0.0,,,0.0,0.0,0.0,,,0.0,,,,0.0,0.0
20171011,MW1147-30,C6,7,Valinomycin,0.01,uM,DTXSID9041150,True,EX000362,0.0,0.0,,0.0,,,0.0,0.0,0.0,,,0.0,,,,0.0,0.0
20171011,MW1147-30,C7,7,Valinomycin,0.03,uM,DTXSID9041150,True,EX000362,0.0,0.0,,0.0,,,0.0,0.0,0.0,,,0.0,,,,0.0,0.0
20171011,MW1147-30,C8,7,Valinomycin,0.1,uM,DTXSID9041150,True,EX000362,0.0,0.0,,0.0,,,0.0,0.0,0.0,,,0.0,,,,0.0,0.0
20171011,MW1147-30,E1,7,Perfluoroundecanoic acid,0.03,uM,DTXSID8047553,True,TP0001411E11,2.37118813599709,5.22,0.0598394897362595,49.2990769230769,0.835461538461538,22.8589230769231,15.0,13.0,30.0,13.1333333333333,0.295772817460317,3.83486353132222,27.2775862068966,0.0757127150182031,40.9333333333333,0.0760928236397999,0.00187657989941308
20171011,MW1147-30,E2,7,Perfluoroundecanoic acid,0.0,uM,DTXSID8047553,True,TP0001411E11,1.27805714602667,3.235,0.0649978155758071,47.4746666666667,0.572222222222222,24.3038888888889,12.0,9.0,20.0,11.5,0.181332341269841,4.72779369627507,44.4,0.0454969356426773,33.0,0.0594495377308281,0.00102360330668929
20171011,MW1147-30,E3,7,Perfluoroundecanoic acid,0.1,uM,DTXSID8047553,True,TP0001411E11,1.50968441840093,3.56142857142857,0.0555707141340233,47.03475,0.611333333333333,24.8159166666667,14.0,12.0,32.0,12.34375,0.263854166666667,5.42965061378659,26.6709677419355,0.123845654234985,32.34375,0.0875774970225941,0.00150550593986435
20171011,MW1147-30,E4,7,Perfluoroundecanoic acid,0.3,uM,DTXSID8047553,True,TP0001411E11,1.83291894763247,3.5325,0.0681423980440333,48.4336923076923,1.22761538461538,18.563,16.0,13.0,35.0,11.9714285714286,0.2681179138322,3.55004925361825,25.0647058823529,0.0919957679251545,26.7714285714286,0.0517466058083617,0.00114389301731026
20171011,MW1147-30,E5,7,Perfluoroundecanoic acid,1.0,uM,DTXSID8047553,True,TP0001411E11,1.18033480219442,2.586,0.0522766675759289,56.7815714285714,0.669857142857143,21.451,10.0,7.0,25.0,8.72,0.245807142857143,6.14369365182638,35.775,0.0696136128566436,26.44,0.0868801822658992,0.00120497643072996
20171011,MW1147-30,E6,7,Perfluoroundecanoic acid,3.0,uM,DTXSID8047553,True,TP0001411E11,1.00111235693982,3.045,0.0483763641555334,46.6090833333333,0.377416666666667,36.56475,12.0,12.0,32.0,10.53125,0.17971912202381,7.75016050628267,26.9032258064516,0.0451299099399363,26.40625,0.10622226923643,0.00107491978076484
20171011,MW1147-30,E7,7,Perfluoroundecanoic acid,10.0,uM,DTXSID8047553,True,TP0001411E11,0.731000909690021,2.346,0.0510863131546937,41.3245714285714,0.343571428571429,50.71,10.0,7.0,15.0,9.6,0.167081349206349,3.80182607394103,53.4928571428571,0.0547362573808034,16.9333333333333,0.0493381384762317,0.000294788505202687
20171011,MW1147-30,E8,7,Perfluoroundecanoic acid,20.0,uM,DTXSID8047553,True,TP0001411E11,1.18525400023528,1.60363636363636,0.0406704197425779,48.7101428571429,0.484285714285714,35.6335714285714,11.0,7.0,20.0,11.65,0.133087797619048,6.98222858586709,43.9157894736842,0.0270290411143815,41.45,0.0891233603251337,0.00110488943015456
20171011,MW1147-30,F1,7,"1H,1H,2H,2H-Perfluorooctyl iodide",0.03,uM,DTXSID2047565,True,TP0001413A04,0.874908496182425,2.14,0.0455395820754144,55.4620909090909,0.386363636363636,30.0996363636364,12.0,11.0,27.0,12.8148148148148,0.194087301587302,9.66732714568777,33.5884615384615,0.0467022224230931,34.3333333333333,0.128221639595052,0.00149970875166519
20171011,MW1147-30,F2,7,"1H,1H,2H,2H-Perfluorooctyl iodide",0.0,uM,DTXSID2047565,True,TP0001413A04,0.925813117934957,2.72307692307692,0.0520162953651966,54.9941,0.4035,23.5604,13.0,10.0,31.0,10.7741935483871,0.224628892612764,6.74530040545522,28.6366666666667,0.0498877232703356,23.6129032258065,0.0937218833609817,0.00122913190576766
20171011,MW1147-30,F3,7,"1H,1H,2H,2H-Perfluorooctyl iodide",0.1,uM,DTXSID2047565,True,TP0001413A04,1.4603351506393,2.856,0.0439413691504005,48.2591428571429,0.449714285714286,19.987,10.0,7.0,30.0,8.93333333333333,0.239396825396825,5.90733297944946,29.6931034482759,0.068666847818009,25.9666666666667,0.0833544870982586,0.00161020932613581
20171011,MW1147-30,F4,7,"1H,1H,2H,2H-Perfluorooctyl iodide",0.3,uM,DTXSID2047565,True,TP0001413A04,0.688889746173906,1.77,0.0564959412471712,56.0033333333333,0.495777777777778,30.4105555555556,14.0,9.0,24.0,10.25,0.214432043650794,7.0254110612855,37.5260869565217,0.0766261783769013,25.4583333333333,0.0648096309864438,0.00103956064367809
20171011,MW1147-30,F5,7,"1H,1H,2H,2H-Perfluorooctyl iodide",1.0,uM,DTXSID2047565,True,TP0001413A04,1.91293888848268,5.06571428571429,0.0446510784871754,71.7132,0.9195,16.1172,14.0,10.0,28.0,11.6071428571429,0.245477253401361,3.87150259067357,31.062962962963,0.069117131358335,33.3571428571429,0.0682412979183111,0.0015244934074343
20171011,MW1147-30,F6,7,"1H,1H,2H,2H-Perfluorooctyl iodide",3.0,uM,DTXSID2047565,True,TP0001413A04,0.577143575365973,1.39714285714286,0.0348204568506619,56.9153,0.2707,34.3003,14.0,10.0,24.0,12.5833333333333,0.182102873977874,10.7333060221221,37.6630434782609,0.0304030370324757,32.75,0.104106844370421,0.00127676118054805
20171011,MW1147-30,F7,7,"1H,1H,2H,2H-Perfluorooctyl iodide",10.0,uM,DTXSID2047565,True,TP0001413A04,0.639167462075064,1.285,0.0253801900403992,59.294,0.205,33.075,12.0,8.0,27.0,10.1481481481481,0.136933788947678,11.3045960605196,33.225,0.0223360172997961,29.3333333333333,0.132999823490503,0.00101514981800216
20171011,MW1147-30,F8,7,"1H,1H,2H,2H-Perfluorooctyl iodide",20.0,uM,DTXSID2047565,True,TP0001413A04,0.550889574440359,2.082,0.039927855172386,74.4702222222222,0.369555555555556,29.9887777777778,10.0,9.0,26.0,12.4615384615385,0.165956578144078,12.2888759464182,32.572,0.0466405800992561,24.3461538461538,0.130462161571667,0.000879649399013578
