date,Plate.SN,DIV,well,trt,dose,units,meanfiringrate,burst.per.min,mean.isis,per.spikes.in.burst,mean.dur,mean.IBIs,nAE,nABE,ns.n,ns.peak.m,ns.durn.m,ns.percent.of.spikes.in.ns,ns.mean.insis,ns.durn.sd,ns.mean.spikes.in.ns,r,cv.time,cv.network,file.name,source,identity,eligible_identity
20170920,MW1147-13,5,A1,Mancozeb,0.03,uM,0.775639839,2.014285714,0.046027599,54.05258333,0.422166667,47.70741667,14,12,15,14.8,0.159087302,6.36317653,56.17142857,0.018656692,41.93333333,0.106886648,0.299350406,1.337140993,ON_20170920_MW1147-13_05_00_000.h5,TC,8018-01-7,True
20170920,MW1147-13,5,A2,Mancozeb,0.0,uM,0.807022029,2.361818182,0.058427606,55.7262,0.4388,26.5978,11,5,6,8.0,0.1765625,0.835175633,160.69,0.038095674,11.33333333,0.015116165,0.438080336,1.893772316,ON_20170920_MW1147-13_05_00_000.h5,TC,8018-01-7,True
20170920,MW1147-13,5,A3,Mancozeb,0.1,uM,0.45578346,1.14,0.05316147,52.99816667,0.3295,40.23266667,10,6,11,9.818181818,0.158162879,3.242992819,78.14,0.054539629,12.72727273,0.042858546,0.505102532,1.867958356,ON_20170920_MW1147-13_05_00_000.h5,TC,8018-01-7,True
20170920,MW1147-13,5,A4,Mancozeb,0.3,uM,1.09221686,0.984,0.08699043,23.5875,0.660333333,49.24766667,10,6,4,10.0,0.186123512,0.481347774,218.6333333,0.073396479,12.0,0.018969477,0.601669802,1.304412578,ON_20170920_MW1147-13_05_00_000.h5,TC,8018-01-7,True
20170920,MW1147-13,5,A5,Mancozeb,1.0,uM,1.123983586,1.429090909,0.064483132,38.72557143,0.576857143,36.42514286,11,7,17,10.23529412,0.176257586,2.636250666,48.99375,0.035473378,17.47058824,0.039545598,0.580333773,1.341266105,ON_20170920_MW1147-13_05_00_000.h5,TC,8018-01-7,True
20170920,MW1147-13,5,A6,Mancozeb,3.0,uM,0.466540393,1.194,0.053530612,56.6625,0.4335,42.06116667,10,6,16,9.25,0.140606399,6.138933764,55.88,0.036884846,16.625,0.046647885,0.731733844,2.654109005,ON_20170920_MW1147-13_05_00_000.h5,TC,8018-01-7,True
20170920,MW1147-13,5,A7,Mancozeb,10.0,uM,0.271473944,1.062,0.058793077,58.1995,0.3425,46.882625,10,8,11,9.181818182,0.187207792,4.322655345,71.675,0.02399553,10.18181818,0.040596563,0.849385203,2.350791477,ON_20170920_MW1147-13_05_00_000.h5,TC,8018-01-7,True
20170920,MW1147-13,5,A8,Mancozeb,20.0,uM,0.309677691,0.21,0.092473548,15.041,0.478,71.87,4,1,0,,,0.0,,,,0.009046696,1.0002568,1.52036869,ON_20170920_MW1147-13_05_00_000.h5,TC,8018-01-7,True
20170920,MW1147-13,5,B1,Boscalid,0.03,uM,1.023695318,2.493333333,0.082213735,34.345,0.5046,15.3504,9,5,1,8.0,0.108333333,0.118920205,,,10.0,0.004214328,0.242880332,1.752387512,ON_20170920_MW1147-13_05_00_000.h5,TC,188425-85-6,True
20170920,MW1147-13,5,B2,Boscalid,0.0,uM,0.686649224,0.992727273,0.105557658,25.889,0.60125,45.48525,11,4,0,,,0.0,,,,0.003897976,0.453400193,2.500983527,ON_20170920_MW1147-13_05_00_000.h5,TC,188425-85-6,True
20170920,MW1147-13,5,B3,Boscalid,0.1,uM,0.845214015,1.41,0.102817736,28.7436,0.5724,32.0576,12,5,0,,,0.0,,,,0.010431807,0.583164496,1.679559651,ON_20170920_MW1147-13_05_00_000.h5,TC,188425-85-6,True
20170920,MW1147-13,5,B4,Boscalid,0.3,uM,1.67545704,3.08,0.098662187,37.5065,0.59825,21.49425,6,4,0,,,0.0,,,,0.00309071,0.691033402,1.325159197,ON_20170920_MW1147-13_05_00_000.h5,TC,188425-85-6,True
20170920,MW1147-13,5,B5,Boscalid,1.0,uM,0.457077249,0.63,0.08369071,24.44375,0.5365,43.29575,12,4,0,,,0.0,,,,0.004754252,0.430794139,1.511937139,ON_20170920_MW1147-13_05_00_000.h5,TC,188425-85-6,True
20170920,MW1147-13,5,B6,Boscalid,3.0,uM,0.663492078,1.164,0.051449452,29.98383333,0.352833333,55.6495,10,6,2,9.0,0.2275,0.321130379,55.5,0.120208153,10.0,0.01303975,0.353733368,1.381125631,ON_20170920_MW1147-13_05_00_000.h5,TC,188425-85-6,True
20170920,MW1147-13,5,B7,Boscalid,10.0,uM,0.676959807,2.36,0.072953084,40.00966667,0.4365,30.39066667,9,6,0,,,0.0,,,,0.00736177,0.791061191,1.645430756,ON_20170920_MW1147-13_05_00_000.h5,TC,188425-85-6,True
20170920,MW1147-13,5,B8,Boscalid,20.0,uM,0.37482922,0.58,0.091905349,21.99,0.5265,61.9305,3,2,0,,,0.0,,,,0.007205457,1.163338915,2.277070737,ON_20170920_MW1147-13_05_00_000.h5,TC,188425-85-6,True
20170920,MW1147-13,5,C1,Glycerol,0.03,uM,0.543835057,0.78,0.063124832,20.8242,0.3678,58.509,10,5,4,10.75,0.153229167,1.224328594,128.7,0.021683687,15.5,0.020346117,0.522263801,2.524908836,ON_20170920_MW1147-13_05_00_000.h5,TC,56-81-5,True
20170920,MW1147-13,5,C2,Glycerol,0.0,uM,0.896632895,1.78,0.09604682,31.43744444,0.652222222,33.09888889,15,9,3,9.0,0.273009259,0.451968116,309.65,0.050806826,18.33333333,0.010117873,0.270764611,1.633385142,ON_20170920_MW1147-13_05_00_000.h5,TC,56-81-5,True
20170920,MW1147-13,5,C3,Glycerol,0.1,uM,0.381390579,0.2,0.075992479,46.735,0.468,42.789,12,1,0,,,0.0,,,,0.004623286,0.337081944,1.673218652,ON_20170920_MW1147-13_05_00_000.h5,TC,56-81-5,True
20170920,MW1147-13,5,C4,Glycerol,0.3,uM,0.970711569,2.525,0.065153502,28.65311111,0.396444444,48.36866667,12,9,4,12.75,0.190982143,0.857409133,170.2,0.021560085,23.0,0.021715824,0.309182207,1.674192172,ON_20170920_MW1147-13_05_00_000.h5,TC,56-81-5,True
20170920,MW1147-13,5,C5,Glycerol,1.0,uM,1.005459051,1.735,0.08100496,32.7038,0.6866,18.9968,12,5,5,9.4,0.207333333,0.666544923,148.2375,0.04552224,14.6,0.008997087,0.495404375,2.48914177,ON_20170920_MW1147-13_05_00_000.h5,TC,56-81-5,True
20170920,MW1147-13,5,C6,Glycerol,3.0,uM,0.67868486,1.53,0.06658024,26.65314286,0.462285714,53.49357143,10,7,6,9.5,0.246375661,1.440557227,142.37,0.086639927,15.16666667,0.031182026,0.416361034,1.497631169,ON_20170920_MW1147-13_05_00_000.h5,TC,56-81-5,True
20170920,MW1147-13,5,C7,Glycerol,10.0,uM,0.661126292,1.29,0.073852187,29.57014286,0.522285714,52.14057143,12,7,5,8.6,0.244416667,1.04123282,112.9375,0.084407453,15.0,0.013907094,0.413000796,2.391650866,ON_20170920_MW1147-13_05_00_000.h5,TC,56-81-5,True
20170920,MW1147-13,5,C8,Glycerol,20.0,uM,1.22746272,4.851428571,0.08153533,52.1825,0.616,32.3245,7,4,2,6.5,0.210416667,0.242625463,282.55,0.0677644,9.5,0.013656906,0.870321917,1.752369209,ON_20170920_MW1147-13_05_00_000.h5,TC,56-81-5,True
20170920,MW1147-13,5,D1,Carbofuran,0.03,uM,0.719801765,1.412307692,0.057332778,44.2904,0.401,48.7249,13,10,11,11.0,0.239573413,2.120679555,74.215,0.041467553,16.45454545,0.040550582,0.432114154,1.616953255,ON_20170920_MW1147-13_05_00_000.h5,TC,1563-66-2,True
20170920,MW1147-13,5,D2,Carbofuran,0.0,uM,1.554563359,4.358181818,0.086853639,43.61344444,0.637444444,19.72111111,11,9,8,9.0,0.21984375,0.719933149,87.59285714,0.042150723,14.0,0.013806295,0.440845848,1.395474766,ON_20170920_MW1147-13_05_00_000.h5,TC,1563-66-2,True
20170920,MW1147-13,5,D3,Carbofuran,0.1,uM,0.607341625,1.32,0.08283376,34.848,0.4945,45.7415,3,2,0,,,0.0,,,,0.012138938,1.019216629,1.958387112,ON_20170920_MW1147-13_05_00_000.h5,TC,1563-66-2,True
20170920,MW1147-13,5,D4,Carbofuran,0.3,uM,0.409999164,0.334285714,0.073067949,20.5995,0.394,59.8525,7,2,1,7.0,0.2,0.276147739,,,8.0,0.013708107,0.876314247,2.436284095,ON_20170920_MW1147-13_05_00_000.h5,TC,1563-66-2,True
20170920,MW1147-13,5,D5,Carbofuran,1.0,uM,0.87164428,2.018571429,0.077641441,35.01555556,0.490444444,46.35933333,14,9,3,8.0,0.260912698,0.28125567,205.725,0.037929015,10.33333333,0.006274554,0.43039678,2.467083466,ON_20170920_MW1147-13_05_00_000.h5,TC,1563-66-2,True
20170920,MW1147-13,5,D6,Carbofuran,3.0,uM,0.713309123,1.68,0.089486103,35.6368,0.5072,46.5146,9,5,2,5.0,0.172916667,0.377941934,119.85,0.008838835,11.0,0.002949298,0.889372197,1.461242928,ON_20170920_MW1147-13_05_00_000.h5,TC,1563-66-2,True
20170920,MW1147-13,5,D7,Carbofuran,10.0,uM,0.159136074,0.0,,0.0,,,2,0,0,,,0.0,,,,0.000211604,1.462314004,2.898869445,ON_20170920_MW1147-13_05_00_000.h5,TC,1563-66-2,True
20170920,MW1147-13,5,E1,Captan,0.03,uM,0.741974916,1.414285714,0.0808559,28.46222222,0.520555556,54.40433333,14,9,6,11.83333333,0.173050595,1.048173637,124.04,0.035618243,16.5,0.010988665,0.311434428,2.207689753,ON_20170920_MW1147-13_05_00_000.h5,TC,133-06-2,True
20170920,MW1147-13,5,E2,Captan,0.0,uM,1.323798409,2.781818182,0.06296347,29.8885,0.537166667,26.23783333,11,6,7,9.714285714,0.217321429,0.868317729,109.6833333,0.043595532,16.42857143,0.013119424,0.564303753,2.582605596,ON_20170920_MW1147-13_05_00_000.h5,TC,133-06-2,True
20170920,MW1147-13,5,E3,Captan,0.1,uM,0.742450185,1.9125,0.086702201,39.5325,0.5385,20.623,8,4,0,,,0.0,,,,0.00886467,0.797427621,2.083840668,ON_20170920_MW1147-13_05_00_000.h5,TC,133-06-2,True
20170920,MW1147-13,5,E4,Captan,0.3,uM,0.576438546,0.744,0.108744929,22.625,0.692,18.2315,10,2,0,,,0.0,,,,0.007417614,0.465662232,1.640772734,ON_20170920_MW1147-13_05_00_000.h5,TC,133-06-2,True
20170920,MW1147-13,5,E5,Captan,1.0,uM,0.919218758,1.722,0.083357908,32.735,0.564833333,36.86266667,10,6,0,,,0.0,,,,0.009559195,0.631917986,1.189143306,ON_20170920_MW1147-13_05_00_000.h5,TC,133-06-2,True
20170920,MW1147-13,5,E6,Captan,3.0,uM,0.881532527,2.165,0.069648018,42.617625,0.398375,29.80725,12,8,1,6.0,0.354166667,0.082798592,,,8.0,0.004611247,0.434805216,2.340599217,ON_20170920_MW1147-13_05_00_000.h5,TC,133-06-2,True
20170920,MW1147-13,5,F1,Cymoxanil,0.03,uM,0.562546274,0.785454545,0.058537301,34.39814286,0.384428571,63.19214286,11,7,9,11.22222222,0.158543871,2.73853131,95.43125,0.0559704,17.44444444,0.043351252,0.381315808,1.771586014,ON_20170920_MW1147-13_05_00_000.h5,TC,57966-95-7,True
20170920,MW1147-13,5,F2,Cymoxanil,0.0,uM,0.309178658,0.564,0.061071075,45.851,0.322,78.876,5,3,0,,,0.0,,,,0.020241483,0.929992741,2.039172509,ON_20170920_MW1147-13_05_00_000.h5,TC,57966-95-7,True
20170920,MW1147-13,5,F3,Cymoxanil,0.1,uM,0.162462961,0.21,,0.0,,,2,0,0,,,0.0,,,,0.008526877,0.961723717,2.041129831,ON_20170920_MW1147-13_05_00_000.h5,TC,57966-95-7,True
20170920,MW1147-13,5,F4,Cymoxanil,0.3,uM,0.477346613,0.726666667,0.083120097,35.237,0.43875,39.94425,9,4,1,7.0,0.11,0.256278831,,,10.0,0.016530076,0.900551787,1.697828398,ON_20170920_MW1147-13_05_00_000.h5,TC,57966-95-7,True
20170920,MW1147-13,5,F5,Cymoxanil,1.0,uM,0.233621368,0.44,0.053027413,41.54,0.3515,68.8485,6,2,4,5.75,0.1184375,2.385436284,184.2166667,0.02957722,9.5,0.014123352,0.833350395,2.302326747,ON_20170920_MW1147-13_05_00_000.h5,TC,57966-95-7,True
20170920,MW1147-13,5,F6,Cymoxanil,3.0,uM,0.732519933,1.609090909,0.07059997,45.96816667,0.492333333,40.85783333,11,6,0,,,0.0,,,,0.011027101,0.366223099,2.097050743,ON_20170920_MW1147-13_05_00_000.h5,TC,57966-95-7,True
20170920,MW1147-13,5,F7,Cymoxanil,10.0,uM,0.892714562,0.255,0.072616923,8.819,0.378,92.771,4,1,0,,,0.0,,,,0.007508601,0.489566456,1.392439353,ON_20170920_MW1147-13_05_00_000.h5,TC,57966-95-7,True
20170920,MW1147-13,5,F8,Cymoxanil,20.0,uM,0.553926613,0.69,0.035960263,38.553,0.521,44.208,2,1,0,,,0.0,,,,0.012494074,0.592780164,1.423599692,ON_20170920_MW1147-13_05_00_000.h5,TC,57966-95-7,True
20170920,MW1147-13,5,D8,Carbofuran,20.0,uM,0.0,0.0,,0.0,,,0,0,0,,,0.0,,,,0.0,0.0,0.0,ON_20170920_MW1147-13_05_00_000.h5,TC,1563-66-2,True
20170920,MW1147-13,5,E7,Captan,10.0,uM,0.0,0.0,,0.0,,,0,0,0,,,0.0,,,,0.0,0.0,0.0,ON_20170920_MW1147-13_05_00_000.h5,TC,133-06-2,True
20170920,MW1147-13,5,E8,Captan,20.0,uM,0.0,0.0,,0.0,,,0,0,0,,,0.0,,,,0.0,0.0,0.0,ON_20170920_MW1147-13_05_00_000.h5,TC,133-06-2,True
20170920,MW1147-13,7,A1,Mancozeb,0.03,uM,1.816043218,3.915,0.040662387,75.4810625,0.7666875,19.97725,16,16,30,14.76666667,0.425348545,6.172650879,29.66724138,0.135289994,53.86666667,0.204488812,0.212389887,1.741163766,ON_20170920_MW1147-13_07_00_000.h5,TC,8018-01-7,True
20170920,MW1147-13,7,A2,Mancozeb,0.0,uM,1.379304941,2.72625,0.035084714,75.02625,0.657,28.352375,16,16,27,14.74074074,0.393214286,9.686179843,32.57884615,0.088348255,71.33333333,0.218242909,0.400742097,2.46766432,ON_20170920_MW1147-13_07_00_000.h5,TC,8018-01-7,True
20170920,MW1147-13,7,A3,Mancozeb,0.1,uM,1.593234554,2.74875,0.032260859,63.13475,0.55425,23.96925,16,16,30,15.46666667,0.367263889,10.73232323,29.56551724,0.096838628,82.16666667,0.189389978,0.326346916,2.550501362,ON_20170920_MW1147-13_07_00_000.h5,TC,8018-01-7,True
20170920,MW1147-13,7,A4,Mancozeb,0.3,uM,1.806470492,3.74625,0.042027724,58.8046875,0.6475625,23.087625,16,16,33,14.51515152,0.368181818,6.984870594,25.675,0.070874586,55.12121212,0.142492918,0.318376039,2.163801012,ON_20170920_MW1147-13_07_00_000.h5,TC,8018-01-7,True
20170920,MW1147-13,7,A5,Mancozeb,1.0,uM,2.124608708,4.044,0.036994093,68.9568,0.699066667,18.79366667,15,15,36,14.83333333,0.438461199,11.21151039,24.46571429,0.084581873,89.61111111,0.213752506,0.501969218,2.867843082,ON_20170920_MW1147-13_07_00_000.h5,TC,8018-01-7,True
20170920,MW1147-13,7,A6,Mancozeb,3.0,uM,1.177653389,2.2725,0.032601333,66.46866667,0.5798,26.29773333,16,15,34,14.08823529,0.311048669,11.21517347,24.87121212,0.06256809,56.0,0.203643085,0.247452984,2.63088672,ON_20170920_MW1147-13_07_00_000.h5,TC,8018-01-7,True
20170920,MW1147-13,7,A7,Mancozeb,10.0,uM,1.432787344,2.41875,0.038975664,65.772375,0.665625,26.31875,16,16,37,14.27027027,0.319293222,10.44783345,23.57361111,0.066457353,58.32432432,0.186206553,0.29257773,2.486050256,ON_20170920_MW1147-13_07_00_000.h5,TC,8018-01-7,True
20170920,MW1147-13,7,A8,Mancozeb,20.0,uM,0.672386249,1.843636364,0.045445328,62.3073,0.4521,35.0144,11,10,23,11.47826087,0.241339286,9.247626004,37.54318182,0.046677739,27.52173913,0.105645055,0.49168234,2.604350213,ON_20170920_MW1147-13_07_00_000.h5,TC,8018-01-7,True
20170920,MW1147-13,7,B1,Boscalid,0.03,uM,1.036906571,2.58,0.047545063,65.2055,0.5862,29.6117,12,10,22,10.54545455,0.279186959,7.763615295,38.29285714,0.112163834,39.59090909,0.081028584,0.730828821,1.254664185,ON_20170920_MW1147-13_07_00_000.h5,TC,188425-85-6,True
20170920,MW1147-13,7,B2,Boscalid,0.0,uM,1.408439324,2.8425,0.0357476,63.914625,0.5679375,27.22175,16,16,28,14.82142857,0.319853316,9.495665879,31.06111111,0.083341665,68.85714286,0.197058797,0.355006109,2.263831674,ON_20170920_MW1147-13_07_00_000.h5,TC,188425-85-6,True
20170920,MW1147-13,7,B3,Boscalid,0.1,uM,1.716084537,4.095,0.038171796,61.705125,0.5505,23.540375,16,16,25,15.56,0.329466667,7.021302397,34.83541667,0.058687861,69.48,0.14910056,0.275378198,2.013586338,ON_20170920_MW1147-13_07_00_000.h5,TC,188425-85-6,True
20170920,MW1147-13,7,B4,Boscalid,0.3,uM,1.781359429,3.752,0.051409541,63.26942857,0.822,22.54464286,15,14,30,13.6,0.3951875,6.177750155,28.62241379,0.131407158,49.7,0.124661964,0.382670372,1.078291597,ON_20170920_MW1147-13_07_00_000.h5,TC,188425-85-6,True
20170920,MW1147-13,7,B5,Boscalid,1.0,uM,1.018454795,2.40375,0.032330621,77.7772,0.6382,25.15666667,16,15,31,14.5483871,0.328193164,11.7150252,26.64,0.093677159,55.48387097,0.213357444,0.566384349,2.710057118,ON_20170920_MW1147-13_07_00_000.h5,TC,188425-85-6,True
20170920,MW1147-13,7,B6,Boscalid,3.0,uM,1.046132459,2.41875,0.037516375,76.78925,0.5578125,25.549875,16,16,28,14.60714286,0.267778486,10.83482528,28.15740741,0.032280895,58.35714286,0.20314448,0.543549522,2.637470346,ON_20170920_MW1147-13_07_00_000.h5,TC,188425-85-6,True
20170920,MW1147-13,7,B7,Boscalid,10.0,uM,0.996435543,2.88,0.04285842,66.19628571,0.548357143,33.49464286,14,14,24,13.54166667,0.255611359,7.309128466,34.36086957,0.041007755,38.33333333,0.137887684,0.726644069,3.008627803,ON_20170920_MW1147-13_07_00_000.h5,TC,188425-85-6,True
20170920,MW1147-13,7,B8,Boscalid,20.0,uM,0.357808644,0.807692308,0.056253539,46.70763636,0.413090909,67.22945455,13,11,17,12.70588235,0.139390862,11.70530181,47.83125,0.04324498,30.0,0.108818972,0.549270941,2.46096642,ON_20170920_MW1147-13_07_00_000.h5,TC,188425-85-6,True
20170920,MW1147-13,7,C1,Glycerol,0.03,uM,1.425295646,3.34875,0.033645867,73.4530625,0.5885625,27.256125,16,16,26,15.80769231,0.315140068,10.09393099,35.498,0.043874086,79.76923077,0.228224055,0.523121763,2.510529626,ON_20170920_MW1147-13_07_00_000.h5,TC,56-81-5,True
20170920,MW1147-13,7,C2,Glycerol,0.0,uM,1.88790803,3.39,0.038014648,71.8876875,0.8271875,20.399625,16,16,29,15.44827586,0.45965312,6.988536155,30.76964286,0.093842734,65.5862069,0.241540605,0.305980526,2.495369679,ON_20170920_MW1147-13_07_00_000.h5,TC,56-81-5,True
20170920,MW1147-13,7,C3,Glycerol,0.1,uM,1.649491661,4.6725,0.038323,79.51746667,0.5914,22.1314,16,15,27,14.96296296,0.343600088,7.035619664,31.94423077,0.069887476,61.96296296,0.183391516,0.407074542,1.495617243,ON_20170920_MW1147-13_07_00_000.h5,TC,56-81-5,True
20170920,MW1147-13,7,C4,Glycerol,0.3,uM,1.605512616,3.015,0.033604896,77.1035625,0.730875,23.9785,16,16,27,15.18518519,0.400754436,7.880751782,32.42692308,0.171615798,67.55555556,0.257365013,0.32436339,2.501417294,ON_20170920_MW1147-13_07_00_000.h5,TC,56-81-5,True
20170920,MW1147-13,7,C5,Glycerol,1.0,uM,1.688060035,3.09,0.047303622,69.2990625,1.0844375,29.4763125,16,16,13,15.76923077,0.300054945,5.872200534,68.59166667,0.040505771,109.9230769,0.156371171,0.492403233,2.573574982,ON_20170920_MW1147-13_07_00_000.h5,TC,56-81-5,True
20170920,MW1147-13,7,C6,Glycerol,3.0,uM,1.887612062,4.264,0.041762754,76.7084,0.7142,19.74853333,15,15,38,13.13157895,0.390979793,6.920605063,23.25675676,0.119801004,46.47368421,0.165406684,0.481080641,2.023691378,ON_20170920_MW1147-13_07_00_000.h5,TC,56-81-5,True
20170920,MW1147-13,7,C7,Glycerol,10.0,uM,1.192012478,2.76,0.041584748,71.0318,0.6226,28.8972,15,15,29,12.79310345,0.356291051,7.584879896,29.83214286,0.075250549,42.13793103,0.150002541,0.537987701,2.549454043,ON_20170920_MW1147-13_07_00_000.h5,TC,56-81-5,True
20170920,MW1147-13,7,C8,Glycerol,20.0,uM,1.613370972,3.42,0.043045494,58.09021429,0.6195,29.08121429,14,14,28,12.46428571,0.356409439,6.025571939,31.36666667,0.17667033,43.92857143,0.10595398,0.349914502,2.550276804,ON_20170920_MW1147-13_07_00_000.h5,TC,56-81-5,True
20170920,MW1147-13,7,D1,Carbofuran,0.03,uM,1.618553721,2.89125,0.033983831,77.713125,0.8785625,26.5305,16,16,24,15.66666667,0.347948307,7.992971328,37.31521739,0.063512621,77.70833333,0.275475483,0.415309787,2.367487882,ON_20170920_MW1147-13_07_00_000.h5,TC,1563-66-2,True
20170920,MW1147-13,7,D2,Carbofuran,0.0,uM,1.883468505,4.605,0.04022687,72.894875,0.629625,19.8715,16,16,29,14.89655172,0.353513273,7.100766058,30.27857143,0.055362161,66.48275862,0.169961142,0.463648689,1.700265851,ON_20170920_MW1147-13_07_00_000.h5,TC,1563-66-2,True
20170920,MW1147-13,7,D3,Carbofuran,0.1,uM,0.756421077,1.936,0.042459659,69.55873333,0.444933333,45.10553333,15,15,23,12.69565217,0.238540373,10.43613707,38.93181818,0.053428569,46.60869565,0.156473294,0.508770357,2.900748477,ON_20170920_MW1147-13_07_00_000.h5,TC,1563-66-2,True
20170920,MW1147-13,7,D4,Carbofuran,0.3,uM,1.140144026,2.668,0.034058475,74.94246667,0.615733333,29.52373333,15,15,24,14.16666667,0.282500827,9.953373915,34.86521739,0.056012216,64.04166667,0.207656475,0.429889134,2.692031466,ON_20170920_MW1147-13_07_00_000.h5,TC,1563-66-2,True
20170920,MW1147-13,7,D5,Carbofuran,1.0,uM,1.980652483,3.7125,0.041916118,71.5326875,0.931875,18.4759375,16,16,26,14.11538462,0.448340201,4.090638462,32.382,0.133281979,44.92307692,0.173366128,0.456830973,1.959271608,ON_20170920_MW1147-13_07_00_000.h5,TC,1563-66-2,True
20170920,MW1147-13,7,D6,Carbofuran,3.0,uM,1.440001572,2.6175,0.051806315,64.1804,0.8886,29.27633333,16,15,23,13.39130435,0.39981539,5.597572137,37.12272727,0.162763372,50.52173913,0.120476313,0.392112757,1.480597492,ON_20170920_MW1147-13_07_00_000.h5,TC,1563-66-2,True
20170920,MW1147-13,7,D7,Carbofuran,10.0,uM,1.473922319,5.526666667,0.083277769,64.2805,0.556,6.273,9,4,25,6.76,0.153742857,2.364360378,35.0875,0.039401043,11.4,0.018741828,0.607747557,2.450629866,ON_20170920_MW1147-13_07_00_000.h5,TC,1563-66-2,True
20170920,MW1147-13,7,E1,Captan,0.03,uM,2.297038011,3.62625,0.033916483,68.5888125,0.7968125,19.0714375,16,16,32,14.65625,0.36751195,6.039741499,28.14677419,0.128693199,62.5,0.239542026,0.356376102,2.420921616,ON_20170920_MW1147-13_07_00_000.h5,TC,133-06-2,True
20170920,MW1147-13,7,E2,Captan,0.0,uM,2.537882245,3.61125,0.03503967,67.3201875,0.925875,21.871875,16,16,32,15.6875,0.442675471,7.17214235,27.58225806,0.108354325,82.0,0.224434409,0.326697505,2.572891693,ON_20170920_MW1147-13_07_00_000.h5,TC,133-06-2,True
20170920,MW1147-13,7,E3,Captan,0.1,uM,1.742236114,4.30875,0.033298224,80.030625,0.60725,20.462875,16,16,31,14.87096774,0.317714414,7.548972766,27.56166667,0.056127015,61.16129032,0.218893215,0.404141865,1.993452554,ON_20170920_MW1147-13_07_00_000.h5,TC,133-06-2,True
20170920,MW1147-13,7,E4,Captan,0.3,uM,1.1632943,2.80125,0.03582322,74.85686667,0.534533333,23.0006,16,15,37,14.13513514,0.342073413,9.308288611,24.36111111,0.094481583,42.18918919,0.206474719,0.399541135,2.329017531,ON_20170920_MW1147-13_07_00_000.h5,TC,133-06-2,True
20170920,MW1147-13,7,E5,Captan,1.0,uM,1.364916123,3.167142857,0.04048901,68.71535714,0.596214286,28.11392857,14,14,33,11.93939394,0.334087302,6.917258502,26.5953125,0.094083997,36.3030303,0.141604942,0.392727135,2.147942063,ON_20170920_MW1147-13_07_00_000.h5,TC,133-06-2,True
20170920,MW1147-13,7,E6,Captan,3.0,uM,1.912672256,3.4875,0.044439668,63.0821875,0.898375,25.8500625,16,16,18,15.27777778,0.351675485,4.076451601,46.40882353,0.077687,62.44444444,0.137231039,0.260437826,2.032765007,ON_20170920_MW1147-13_07_00_000.h5,TC,133-06-2,True
20170920,MW1147-13,7,E7,Captan,10.0,uM,0.158713021,0.0,,0.0,,,1,0,0,,,0.0,,,,-0.000112124,2.20073521,2.88684938,ON_20170920_MW1147-13_07_00_000.h5,TC,133-06-2,True
20170920,MW1147-13,7,F1,Cymoxanil,0.03,uM,1.948137587,3.684,0.031127223,66.287,0.566533333,29.88673333,15,15,23,14.7826087,0.429253364,7.4328687,35.17272727,0.087524327,85.08695652,0.212058168,0.432919231,2.499263123,ON_20170920_MW1147-13_07_00_000.h5,TC,57966-95-7,True
20170920,MW1147-13,7,F2,Cymoxanil,0.0,uM,1.959703474,3.86625,0.041193636,64.38293333,0.704666667,27.88733333,16,15,22,15.09090909,0.376824495,5.026370748,41.05,0.09855454,64.54545455,0.1671658,0.262270816,2.111868672,ON_20170920_MW1147-13_07_00_000.h5,TC,57966-95-7,True
20170920,MW1147-13,7,F3,Cymoxanil,0.1,uM,1.310294109,3.518571429,0.034121579,66.29758333,0.405916667,31.44575,14,12,31,12.74193548,0.267870904,6.957831325,28.84,0.07845685,37.25806452,0.142499142,0.420738417,2.494277076,ON_20170920_MW1147-13_07_00_000.h5,TC,57966-95-7,True
20170920,MW1147-13,7,F4,Cymoxanil,0.3,uM,1.277473335,3.222857143,0.038853155,68.51921429,0.620071429,24.80114286,14,14,28,13.78571429,0.320435799,9.617771159,30.72407407,0.055862634,55.35714286,0.176437856,0.418687699,2.532498684,ON_20170920_MW1147-13_07_00_000.h5,TC,57966-95-7,True
20170920,MW1147-13,7,F5,Cymoxanil,1.0,uM,1.200653696,2.464285714,0.042253627,67.21321429,0.693928571,27.27107143,14,14,29,13.86206897,0.333847838,9.62749213,29.26785714,0.097012271,50.62068966,0.167894432,0.335506633,2.559214538,ON_20170920_MW1147-13_07_00_000.h5,TC,57966-95-7,True
20170920,MW1147-13,7,F6,Cymoxanil,3.0,uM,1.967472643,3.465,0.03936262,65.0765625,0.9233125,23.4713125,16,16,27,15.51851852,0.324700901,7.340549307,31.24423077,0.086253621,77.11111111,0.218422308,0.349578397,2.489318892,ON_20170920_MW1147-13_07_00_000.h5,TC,57966-95-7,True
20170920,MW1147-13,7,F7,Cymoxanil,10.0,uM,1.116170591,1.6,0.050778527,56.6275,0.6915,32.9214,12,10,23,11.43478261,0.24425207,8.382449247,36.13636364,0.062340731,44.52173913,0.091282035,0.384238311,1.765564193,ON_20170920_MW1147-13_07_00_000.h5,TC,57966-95-7,True
20170920,MW1147-13,7,F8,Cymoxanil,20.0,uM,0.628668459,1.868571429,0.051733824,60.25966667,0.3635,40.238,7,6,18,9.055555556,0.162088294,9.615384615,49.21470588,0.051824642,22.22222222,0.082096541,0.767028337,1.641859979,ON_20170920_MW1147-13_07_00_000.h5,TC,57966-95-7,True
20170920,MW1147-13,7,D8,Carbofuran,20.0,uM,0.0,0.0,,0.0,,,0,0,0,,,0.0,,,,0.0,0.0,0.0,ON_20170920_MW1147-13_07_00_000.h5,TC,1563-66-2,True
20170920,MW1147-13,7,E8,Captan,20.0,uM,0.0,0.0,,0.0,,,0,0,0,,,0.0,,,,0.0,0.0,0.0,ON_20170920_MW1147-13_07_00_000.h5,TC,133-06-2,True
20170920,MW1147-14,5,A1,Mancozeb,0.03,uM,0.751235293,1.543636364,0.067556744,42.88783333,0.5325,33.73716667,11,6,9,10.88888889,0.168172399,2.751947726,110.20625,0.035455825,24.33333333,0.031801376,0.516578306,1.162881603,ON_20170920_MW1147-14_05_00_001.h5,TC,8018-01-7,True
20170920,MW1147-14,5,A2,Mancozeb,0.0,uM,1.02624107,2.072727273,0.052630402,44.85309091,0.453,40.71472727,11,11,16,12.3125,0.226045387,4.243763233,57.92333333,0.051038215,28.8125,0.066219083,0.658364163,0.896444288,ON_20170920_MW1147-14_05_00_001.h5,TC,8018-01-7,True
20170920,MW1147-14,5,A3,Mancozeb,0.1,uM,0.678192445,0.471428571,0.048710256,41.714,0.4565,64.2945,7,2,7,10.28571429,0.108469388,1.771571488,113.2916667,0.016634064,12.14285714,0.036308978,0.580684894,2.000649255,ON_20170920_MW1147-14_05_00_001.h5,TC,8018-01-7,True
20170920,MW1147-14,5,A4,Mancozeb,0.3,uM,0.261399219,0.747272727,0.035344935,63.42383333,0.235333333,55.62733333,11,6,18,10.55555556,0.171875,9.455687369,52.50294118,0.036447694,15.05555556,0.0774146,0.517999196,0.848416593,ON_20170920_MW1147-14_05_00_001.h5,TC,8018-01-7,True
20170920,MW1147-14,5,A5,Mancozeb,1.0,uM,0.69792943,1.509230769,0.054013289,40.18854545,0.379454545,55.34627273,13,11,21,13.42857143,0.166452407,6.798018205,46.745,0.049020555,28.0952381,0.087528853,0.393655823,1.394815719,ON_20170920_MW1147-14_05_00_001.h5,TC,8018-01-7,True
20170920,MW1147-14,5,A6,Mancozeb,3.0,uM,0.389815099,1.195,0.038183421,61.71925,0.2885,47.788375,12,8,22,12.45454545,0.121082702,15.07971656,42.31904762,0.027248604,30.95454545,0.120686348,0.410255465,1.378610315,ON_20170920_MW1147-14_05_00_001.h5,TC,8018-01-7,True
20170920,MW1147-14,5,A7,Mancozeb,10.0,uM,0.320073507,1.01,0.050388651,56.139,0.33425,49.57975,6,4,9,9.0,0.12848545,6.008583691,87.575,0.034849146,14.0,0.054021165,0.852840145,1.517289507,ON_20170920_MW1147-14_05_00_001.h5,TC,8018-01-7,True
20170920,MW1147-14,5,A8,Mancozeb,20.0,uM,0.375819935,0.46,0.038905295,52.1575,0.2485,52.896,9,2,0,,,0.0,,,,0.029885361,0.531395356,1.102777325,ON_20170920_MW1147-14_05_00_001.h5,TC,8018-01-7,True
20170920,MW1147-14,5,B1,Boscalid,0.03,uM,0.965791816,1.851428571,0.053921536,41.36725,0.44975,49.419,7,4,4,7.0,0.150208333,0.745700807,251.85,0.009437293,12.25,0.015252519,0.881683013,1.617945084,ON_20170920_MW1147-14_05_00_001.h5,TC,188425-85-6,True
20170920,MW1147-14,5,B2,Boscalid,0.0,uM,1.340806108,3.830769231,0.075899221,44.11027273,0.554,27.94881818,13,11,13,10.92307692,0.22625,1.456164631,77.24166667,0.053351832,18.61538462,0.017040988,0.30069787,1.107442149,ON_20170920_MW1147-14_05_00_001.h5,TC,188425-85-6,True
20170920,MW1147-14,5,B3,Boscalid,0.1,uM,0.719577566,1.370769231,0.055870458,37.8087,0.3856,43.5726,13,10,11,10.72727273,0.213682359,2.283156128,87.89,0.04145049,18.54545455,0.029774185,0.452848765,1.126959001,ON_20170920_MW1147-14_05_00_001.h5,TC,188425-85-6,True
20170920,MW1147-14,5,B4,Boscalid,0.3,uM,0.941247996,2.661818182,0.059980998,46.499625,0.467625,39.363875,11,8,10,11.8,0.196520833,2.273180459,99.91111111,0.088948767,22.8,0.037834616,0.432269029,2.059097508,ON_20170920_MW1147-14_05_00_001.h5,TC,188425-85-6,True
20170920,MW1147-14,5,B5,Boscalid,1.0,uM,1.072677318,1.869230769,0.068350506,32.11972727,0.497363636,42.67818182,13,11,10,14.5,0.230324405,3.035060178,91.40555556,0.054048071,40.6,0.057443254,0.455296777,0.866246913,ON_20170920_MW1147-14_05_00_001.h5,TC,188425-85-6,True
20170920,MW1147-14,5,B6,Boscalid,3.0,uM,0.399916212,1.18,0.043565535,59.16488889,0.353333333,54.92244444,12,9,11,11.63636364,0.213941198,6.125080593,73.085,0.04279948,25.90909091,0.094086977,0.571721174,1.266704258,ON_20170920_MW1147-14_05_00_001.h5,TC,188425-85-6,True
20170920,MW1147-14,5,B7,Boscalid,10.0,uM,0.989733335,2.04,0.05498855,52.10522222,0.459888889,38.22955556,9,9,15,10.6,0.243837302,3.477660064,63.0,0.070585027,20.13333333,0.055178144,0.646115222,1.579723035,ON_20170920_MW1147-14_05_00_001.h5,TC,188425-85-6,True
20170920,MW1147-14,5,B8,Boscalid,20.0,uM,0.272290854,0.27,0.05914958,56.574,0.306,36.723,6,1,0,,,0.0,,,,0.011558705,1.099120264,1.352092743,ON_20170920_MW1147-14_05_00_001.h5,TC,188425-85-6,True
20170920,MW1147-14,5,C1,Glycerol,0.03,uM,0.602289801,1.215,0.076016321,42.812,0.526857143,43.32857143,12,7,10,10.7,0.164934524,2.813446833,102.1388889,0.042370496,19.5,0.036086644,0.573530064,1.142826373,ON_20170920_MW1147-14_05_00_001.h5,TC,56-81-5,True
20170920,MW1147-14,5,C2,Glycerol,0.0,uM,0.824145362,2.256,0.068882682,43.09366667,0.563444444,30.12433333,10,9,5,9.4,0.29675,0.694269124,123.35,0.069919597,11.0,0.014058071,0.67679652,0.826785532,ON_20170920_MW1147-14_05_00_001.h5,TC,56-81-5,True
20170920,MW1147-14,5,C3,Glycerol,0.1,uM,1.19280961,2.895,0.071502233,40.646625,0.5575,33.44675,12,8,9,9.666666667,0.288240741,1.312830928,87.9375,0.064754403,20.11111111,0.020749923,0.312508862,1.12683913,ON_20170920_MW1147-14_05_00_001.h5,TC,56-81-5,True
20170920,MW1147-14,5,C4,Glycerol,0.3,uM,1.074438947,2.541818182,0.075862295,45.50833333,0.543444444,35.55933333,11,9,10,10.7,0.248729167,1.378579003,91.24444444,0.062283301,15.6,0.031089013,0.549396466,1.187828776,ON_20170920_MW1147-14_05_00_001.h5,TC,56-81-5,True
20170920,MW1147-14,5,C5,Glycerol,1.0,uM,0.523250166,1.362857143,0.048509204,57.8748,0.4194,50.4462,7,5,7,9.714285714,0.234166667,1.998422298,134.075,0.05052044,10.85714286,0.045057935,0.509792735,1.722211351,ON_20170920_MW1147-14_05_00_001.h5,TC,56-81-5,True
20170920,MW1147-14,5,C6,Glycerol,3.0,uM,1.463124159,4.23,0.07201758,51.241875,0.563,53.35025,8,8,12,9.75,0.292881944,1.905015063,78.63636364,0.063879587,17.91666667,0.042995316,0.874188235,1.920663106,ON_20170920_MW1147-14_05_00_001.h5,TC,56-81-5,True
20170920,MW1147-14,5,C7,Glycerol,10.0,uM,1.298947148,2.901818182,0.068591467,41.49875,0.541875,41.395625,11,8,10,9.5,0.288333333,1.172247051,88.7,0.073557895,16.0,0.020641053,0.517616934,1.12572809,ON_20170920_MW1147-14_05_00_001.h5,TC,56-81-5,True
20170920,MW1147-14,5,C8,Glycerol,20.0,uM,1.407320504,3.229090909,0.081806759,35.736,0.6528,15.5642,11,5,4,9.0,0.225,0.276765222,135.3166667,0.018002057,10.25,0.012996846,0.605115311,1.188600834,ON_20170920_MW1147-14_05_00_001.h5,TC,56-81-5,True
20170920,MW1147-14,5,D1,Carbofuran,0.03,uM,0.599531758,1.368,0.044811486,43.38,0.361666667,39.23733333,10,6,9,9.666666667,0.16860119,2.803261978,104.49375,0.056287831,18.33333333,0.034633443,0.618405429,1.057552746,ON_20170920_MW1147-14_05_00_001.h5,TC,1563-66-2,True
20170920,MW1147-14,5,D2,Carbofuran,0.0,uM,0.674508362,1.592,0.057851105,53.28366667,0.5395,36.25766667,15,6,8,11.25,0.217708333,1.708511303,117.3857143,0.042684554,20.5,0.032431495,0.355795042,1.013453644,ON_20170920_MW1147-14_05_00_001.h5,TC,1563-66-2,True
20170920,MW1147-14,5,D3,Carbofuran,0.1,uM,0.684855415,1.65,0.056716069,52.165,0.431555556,43.55677778,12,9,10,11.4,0.203497024,2.000750281,95.28333333,0.050306974,16.0,0.039003417,0.385935763,1.40293158,ON_20170920_MW1147-14_05_00_001.h5,TC,1563-66-2,True
20170920,MW1147-14,5,D4,Carbofuran,0.3,uM,0.748737107,1.74,0.062629618,44.352125,0.412,33.82825,14,8,6,9.5,0.245486111,0.763131814,121.87,0.136754371,12.83333333,0.016022394,0.314094011,1.285965628,ON_20170920_MW1147-14_05_00_001.h5,TC,1563-66-2,True
20170920,MW1147-14,5,D5,Carbofuran,1.0,uM,0.929302333,2.46,0.078611189,39.71533333,0.486666667,36.02766667,9,6,2,8.5,0.16375,0.379158513,602.7,0.001767767,15.5,0.01331973,0.584059218,1.35681892,ON_20170920_MW1147-14_05_00_001.h5,TC,1563-66-2,True
20170920,MW1147-14,5,D6,Carbofuran,3.0,uM,1.068785518,2.118,0.070687079,47.385,0.5045,51.81533333,10,6,6,11.0,0.243125,0.894919169,135.52,0.079784323,15.5,0.038922826,0.428042892,2.111196215,ON_20170920_MW1147-14_05_00_001.h5,TC,1563-66-2,True
20170920,MW1147-14,5,D7,Carbofuran,10.0,uM,0.971061962,0.505714286,0.196322383,14.229,0.923,17.184,7,1,0,,,0.0,,,,0.017522433,1.268324389,1.826185498,ON_20170920_MW1147-14_05_00_001.h5,TC,1563-66-2,True
20170920,MW1147-14,5,E1,Captan,0.03,uM,0.647173874,1.841538462,0.051173319,46.35688889,0.366333333,39.93933333,13,9,18,11.22222222,0.204700176,4.604938272,54.72647059,0.045819828,20.72222222,0.046520951,0.329018959,1.022207144,ON_20170920_MW1147-14_05_00_001.h5,TC,133-06-2,True
20170920,MW1147-14,5,E2,Captan,0.0,uM,1.006823664,2.948571429,0.062484237,51.9947,0.4909,27.5844,14,10,14,10.35714286,0.288660714,1.508060322,63.68076923,0.085311643,14.5,0.021973839,0.243530964,1.179023246,ON_20170920_MW1147-14_05_00_001.h5,TC,133-06-2,True
20170920,MW1147-14,5,E3,Captan,0.1,uM,0.431584381,1.144615385,0.041080039,52.103,0.2978,66.0916,13,10,12,12.25,0.167051091,6.734693878,79.07272727,0.020866445,30.25,0.090637742,0.468590041,1.273737154,ON_20170920_MW1147-14_05_00_001.h5,TC,133-06-2,True
20170920,MW1147-14,5,E4,Captan,0.3,uM,1.02313795,2.833846154,0.076780121,38.16366667,0.562333333,41.91888889,13,9,12,10.33333333,0.185137235,1.522165555,73.52272727,0.041961977,16.16666667,0.03000992,0.37111633,1.202337285,ON_20170920_MW1147-14_05_00_001.h5,TC,133-06-2,True
20170920,MW1147-14,5,E5,Captan,1.0,uM,0.806181694,1.474285714,0.058611766,46.65275,0.58475,37.36575,7,4,12,7.083333333,0.250486111,2.869287991,72.85,0.03328113,13.5,0.025712514,0.471946896,1.835869105,ON_20170920_MW1147-14_05_00_001.h5,TC,133-06-2,True
20170920,MW1147-14,5,E6,Captan,3.0,uM,2.207663972,5.025,0.095151475,50.76333333,1.184,20.80433333,4,3,2,7.5,0.1490625,0.254247082,615.5,0.064965436,11.0,0.017320164,0.94636922,1.739326627,ON_20170920_MW1147-14_05_00_001.h5,TC,133-06-2,True
20170920,MW1147-14,5,E7,Captan,10.0,uM,0.577607953,0.0,,0.0,,,4,0,0,,,0.0,,,,0.005673783,0.718522147,1.124864576,ON_20170920_MW1147-14_05_00_001.h5,TC,133-06-2,True
20170920,MW1147-14,5,F1,Cymoxanil,0.03,uM,0.823548078,2.18,0.058209856,56.93666667,0.386833333,42.64916667,9,6,9,12.22222222,0.132433862,1.871329053,93.56875,0.010692829,15.22222222,0.041935925,0.537340518,1.70117855,ON_20170920_MW1147-14_05_00_001.h5,TC,57966-95-7,True
20170920,MW1147-14,5,F2,Cymoxanil,0.0,uM,0.774711396,0.06,,0.0,,,1,0,0,,,0.0,,,,0.000332282,1.868873878,2.686282125,ON_20170920_MW1147-14_05_00_001.h5,TC,57966-95-7,True
20170920,MW1147-14,5,F3,Cymoxanil,0.1,uM,0.399285391,0.654545455,0.036177352,53.11057143,0.346428571,54.14485714,11,7,15,9.866666667,0.233507937,6.616611919,57.12857143,0.065360707,18.8,0.048092488,0.805227901,1.302910829,ON_20170920_MW1147-14_05_00_001.h5,TC,57966-95-7,True
20170920,MW1147-14,5,F4,Cymoxanil,0.3,uM,1.092576461,2.502857143,0.070251048,47.091,0.494333333,41.10433333,7,3,2,6.0,0.108333333,0.260095825,601.95,0.047140452,9.5,0.012025035,0.879959277,2.015003417,ON_20170920_MW1147-14_05_00_001.h5,TC,57966-95-7,True
20170920,MW1147-14,5,F5,Cymoxanil,1.0,uM,0.305216715,0.84,0.045800416,56.1746,0.323,64.1408,7,5,9,8.444444444,0.168683862,5.660377358,95.1125,0.047834515,13.33333333,0.038353236,0.885498956,1.109339973,ON_20170920_MW1147-14_05_00_001.h5,TC,57966-95-7,True
20170920,MW1147-14,5,F6,Cymoxanil,3.0,uM,0.852358207,2.29,0.068462733,44.62475,0.4605,27.923,6,4,10,9.9,0.11991811,3.457131569,92.78888889,0.036734405,17.5,0.070220607,0.721893941,1.409075075,ON_20170920_MW1147-14_05_00_001.h5,TC,57966-95-7,True
20170920,MW1147-14,5,F7,Cymoxanil,10.0,uM,0.753045242,1.22,0.03964297,47.33014286,0.314857143,63.60728571,9,7,14,11.64285714,0.147349065,6.150615062,64.96153846,0.020585378,29.28571429,0.09290719,0.591872327,2.188514405,ON_20170920_MW1147-14_05_00_001.h5,TC,57966-95-7,True
20170920,MW1147-14,5,F8,Cymoxanil,20.0,uM,0.507778524,1.0875,0.055406937,45.46433333,0.356166667,67.8875,8,6,13,10.0,0.149867216,4.545454545,75.04583333,0.031829947,14.30769231,0.06216467,0.594004411,1.35003654,ON_20170920_MW1147-14_05_00_001.h5,TC,57966-95-7,True
20170920,MW1147-14,5,D8,Carbofuran,20.0,uM,0.0,0.0,,0.0,,,0,0,0,,,0.0,,,,0.0,0.0,0.0,ON_20170920_MW1147-14_05_00_001.h5,TC,1563-66-2,True
20170920,MW1147-14,5,E8,Captan,20.0,uM,0.0,0.0,,0.0,,,0,0,0,,,0.0,,,,0.0,0.0,0.0,ON_20170920_MW1147-14_05_00_001.h5,TC,133-06-2,True
20170920,MW1147-14,7,A1,Mancozeb,0.03,uM,2.391097497,5.0775,0.036238903,79.713,0.7145,17.0330625,16,16,36,14.5,0.430810185,7.562903553,23.43571429,0.125184231,72.55555556,0.241894574,0.364553408,1.070807276,ON_20170920_MW1147-14_07_00_000.h5,TC,8018-01-7,True
20170920,MW1147-14,7,A2,Mancozeb,0.0,uM,2.057417881,3.7,0.027192458,79.79573333,0.6886,19.958,15,15,39,14.53846154,0.398900336,12.46104803,22.85657895,0.171990118,89.20512821,0.297683873,0.307455486,1.689943576,ON_20170920_MW1147-14_07_00_000.h5,TC,8018-01-7,True
20170920,MW1147-14,7,A3,Mancozeb,0.1,uM,1.324495069,3.4575,0.031543945,71.81075,0.456,23.571625,16,16,34,14.97058824,0.353888014,11.56761278,26.59848485,0.062639754,65.08823529,0.219640403,0.450187947,1.647773914,ON_20170920_MW1147-14_07_00_000.h5,TC,8018-01-7,True
20170920,MW1147-14,7,A4,Mancozeb,0.3,uM,1.298809655,3.24,0.031983175,71.16175,0.5113125,27.2750625,16,16,31,14.70967742,0.300033922,10.97014925,26.49833333,0.05350726,66.38709677,0.20812528,0.275806363,1.871729783,ON_20170920_MW1147-14_07_00_000.h5,TC,8018-01-7,True
20170920,MW1147-14,7,A5,Mancozeb,1.0,uM,1.623512068,2.82,0.036094316,71.368125,0.772375,23.3496875,16,16,34,14.73529412,0.415652136,8.469083156,25.38484848,0.099486323,58.41176471,0.219791222,0.270442847,2.034535118,ON_20170920_MW1147-14_07_00_000.h5,TC,8018-01-7,True
20170920,MW1147-14,7,A6,Mancozeb,3.0,uM,1.071310266,2.60625,0.026663115,77.74125,0.423,26.25075,16,16,35,14.8,0.32349866,13.42897764,25.22941176,0.086701402,59.37142857,0.277623985,0.453733349,1.65926825,ON_20170920_MW1147-14_07_00_000.h5,TC,8018-01-7,True
20170920,MW1147-14,7,A7,Mancozeb,10.0,uM,0.982830589,2.64,0.037526412,79.16773333,0.5806,26.87493333,16,15,27,15.2962963,0.295828189,12.08791209,32.79230769,0.049799735,63.55555556,0.234701118,0.375752131,0.825461887,ON_20170920_MW1147-14_07_00_000.h5,TC,8018-01-7,True
20170920,MW1147-14,7,A8,Mancozeb,20.0,uM,0.898158723,2.97,0.04507537,59.37326667,0.416666667,31.419,16,15,22,14.40909091,0.210220509,6.567486318,39.83809524,0.025960021,38.72727273,0.114318693,0.326146995,1.616193327,ON_20170920_MW1147-14_07_00_000.h5,TC,8018-01-7,True
20170920,MW1147-14,7,B1,Boscalid,0.03,uM,1.407574578,2.98875,0.03074765,66.7061875,0.451375,30.735625,16,16,28,14.35714286,0.259318214,10.19625203,29.68518519,0.069528238,74.03571429,0.2002512,0.330741139,1.802601941,ON_20170920_MW1147-14_07_00_000.h5,TC,188425-85-6,True
20170920,MW1147-14,7,B2,Boscalid,0.0,uM,2.115688925,3.74625,0.032857164,77.3275625,0.8026875,17.49425,16,16,38,15.31578947,0.476801046,8.599757845,22.84054054,0.184880431,69.15789474,0.27395114,0.329571036,2.252102777,ON_20170920_MW1147-14_07_00_000.h5,TC,188425-85-6,True
20170920,MW1147-14,7,B3,Boscalid,0.1,uM,1.405289892,4.07625,0.037958025,69.83025,0.5229375,21.230625,16,16,31,14.87096774,0.306993088,9.197950537,28.99333333,0.071723202,60.22580645,0.153886509,0.328672667,2.302516322,ON_20170920_MW1147-14_07_00_000.h5,TC,188425-85-6,True
20170920,MW1147-14,7,B4,Boscalid,0.3,uM,1.320618026,3.195,0.037213155,68.769625,0.5388125,22.8464375,16,16,34,14.08823529,0.324181548,8.95412844,23.95757576,0.084714198,50.23529412,0.191832795,0.180849527,2.103928834,ON_20170920_MW1147-14_07_00_000.h5,TC,188425-85-6,True
20170920,MW1147-14,7,B5,Boscalid,1.0,uM,1.209637648,2.42625,0.033014798,59.63875,0.46775,29.5863125,16,16,24,15.54166667,0.313459821,8.367673993,37.55217391,0.041555287,60.91666667,0.182413377,0.326056333,1.67471689,ON_20170920_MW1147-14_07_00_000.h5,TC,188425-85-6,True
20170920,MW1147-14,7,B6,Boscalid,3.0,uM,1.311253119,2.448,0.037236296,65.6258,0.583133333,33.402,15,15,21,14.42857143,0.310036848,6.915972066,40.53,0.06828014,58.47619048,0.193383512,0.493730072,2.366198709,ON_20170920_MW1147-14_07_00_000.h5,TC,188425-85-6,True
20170920,MW1147-14,7,B7,Boscalid,10.0,uM,1.072023898,2.806153846,0.043718945,60.95930769,0.454923077,24.95376923,13,13,30,13.1,0.280837963,8.902007084,27.85172414,0.038754328,37.7,0.114454547,0.553970432,2.211651174,ON_20170920_MW1147-14_07_00_000.h5,TC,188425-85-6,True
20170920,MW1147-14,7,B8,Boscalid,20.0,uM,0.225635425,0.655384615,0.046154877,44.680375,0.261,70.180625,13,8,23,11.82608696,0.120738009,16.69075145,38.53636364,0.025377329,20.08695652,0.120416385,0.570139657,1.902097231,ON_20170920_MW1147-14_07_00_000.h5,TC,188425-85-6,True
20170920,MW1147-14,7,C1,Glycerol,0.03,uM,1.696137405,3.12,0.033155654,73.1328125,0.67825,22.3753125,16,16,32,15.4375,0.379286306,8.971794767,27.70483871,0.108134346,68.6875,0.241883614,0.292062398,1.910711214,ON_20170920_MW1147-14_07_00_000.h5,TC,56-81-5,True
20170920,MW1147-14,7,C2,Glycerol,0.0,uM,1.645638911,4.268,0.035049325,70.7024,0.513066667,21.093,15,15,28,15.28571429,0.32814059,8.831180481,31.60925926,0.052162504,70.32142857,0.173562311,0.465563344,1.354644759,ON_20170920_MW1147-14_07_00_000.h5,TC,56-81-5,True
20170920,MW1147-14,7,C3,Glycerol,0.1,uM,1.315494789,3.40125,0.036535263,68.7875625,0.5145625,21.77025,16,16,30,15.46666667,0.302019841,10.26788064,29.2637931,0.057788173,65.03333333,0.197958807,0.411751307,1.732004559,ON_20170920_MW1147-14_07_00_000.h5,TC,56-81-5,True
20170920,MW1147-14,7,C4,Glycerol,0.3,uM,1.808433208,4.16625,0.046078135,62.260125,0.663375,21.2726875,16,16,33,14.96969697,0.343020382,7.15899085,26.9734375,0.06560488,56.66666667,0.135590458,0.385736245,0.922631478,ON_20170920_MW1147-14_07_00_000.h5,TC,56-81-5,True
20170920,MW1147-14,7,C5,Glycerol,1.0,uM,0.901373109,1.89,0.025307227,75.31207143,0.441857143,33.26185714,14,14,26,13.65384615,0.285821886,14.03616573,33.79,0.030119231,61.5,0.296432953,0.427994588,1.547992415,ON_20170920_MW1147-14_07_00_000.h5,TC,56-81-5,True
20170920,MW1147-14,7,C6,Glycerol,3.0,uM,1.365204029,2.7225,0.037574695,74.57433333,0.654533333,22.90073333,16,15,31,15.19354839,0.329094662,9.924438359,28.16166667,0.049050643,63.12903226,0.209225081,0.462790301,1.894934903,ON_20170920_MW1147-14_07_00_000.h5,TC,56-81-5,True
20170920,MW1147-14,7,C7,Glycerol,10.0,uM,1.685406302,3.945,0.052791445,59.765375,0.6513125,25.7665,16,16,26,14.57692308,0.317677427,5.315478147,34.288,0.07012325,49.76923077,0.122562497,0.317239151,1.857621993,ON_20170920_MW1147-14_07_00_000.h5,TC,56-81-5,True
20170920,MW1147-14,7,C8,Glycerol,20.0,uM,0.922736411,2.6325,0.0396741,63.9500625,0.422,35.1078125,16,16,28,13.35714286,0.269178359,9.888955582,31.91851852,0.047295104,47.07142857,0.153862863,0.371491986,1.098562754,ON_20170920_MW1147-14_07_00_000.h5,TC,56-81-5,True
20170920,MW1147-14,7,D1,Carbofuran,0.03,uM,2.007962495,4.71375,0.03326648,77.0123125,0.6545,23.0920625,16,16,34,13.67647059,0.320516032,7.957797469,26.37272727,0.082300217,67.88235294,0.217083236,0.297829908,1.946582113,ON_20170920_MW1147-14_07_00_000.h5,TC,1563-66-2,True
20170920,MW1147-14,7,D2,Carbofuran,0.0,uM,1.423567384,2.7075,0.035317456,68.276125,0.6141875,24.43225,16,16,24,15.875,0.429551091,9.133352787,34.8673913,0.084566502,78.25,0.223797529,0.350649854,1.251387407,ON_20170920_MW1147-14_07_00_000.h5,TC,1563-66-2,True
20170920,MW1147-14,7,D3,Carbofuran,0.1,uM,1.581487683,3.97875,0.042072424,68.1098125,0.648625,20.97975,16,16,30,15.6,0.339607804,9.013702228,29.2,0.057991208,68.63333333,0.175991197,0.30784845,1.892028315,ON_20170920_MW1147-14_07_00_000.h5,TC,1563-66-2,True
20170920,MW1147-14,7,D4,Carbofuran,0.3,uM,1.759554764,3.95625,0.036970991,75.017125,0.6469375,18.098,16,16,37,14.78378378,0.414630255,7.920519378,24.36527778,0.101838691,54.40540541,0.198348403,0.313315666,1.233467946,ON_20170920_MW1147-14_07_00_000.h5,TC,1563-66-2,True
20170920,MW1147-14,7,D5,Carbofuran,1.0,uM,1.209360717,2.75625,0.041226329,64.3393125,0.5790625,31.39375,16,16,24,15.04166667,0.324779266,7.505152278,36.08478261,0.043977577,54.625,0.157255509,0.307898001,2.505073052,ON_20170920_MW1147-14_07_00_000.h5,TC,1563-66-2,True
20170920,MW1147-14,7,D6,Carbofuran,3.0,uM,1.403905233,3.645,0.034329052,67.701125,0.4990625,32.0150625,16,16,25,15.4,0.370119841,8.117171319,36.71875,0.058793781,65.84,0.210021532,0.406414425,1.21552063,ON_20170920_MW1147-14_07_00_000.h5,TC,1563-66-2,True
20170920,MW1147-14,7,D7,Carbofuran,10.0,uM,1.704680748,4.548,0.102345642,28.32833333,0.559666667,22.97211111,10,9,5,7.0,0.222416667,0.374943435,170.5,0.028389038,11.6,0.003282553,0.498745759,0.971220185,ON_20170920_MW1147-14_07_00_000.h5,TC,1563-66-2,True
20170920,MW1147-14,7,E1,Captan,0.03,uM,1.884658658,3.88125,0.031352088,80.5265625,0.6615,18.5133125,16,16,40,14.625,0.326877165,10.29314525,21.99230769,0.096151185,70.05,0.297449799,0.282798001,1.539111809,ON_20170920_MW1147-14_07_00_000.h5,TC,133-06-2,True
20170920,MW1147-14,7,E2,Captan,0.0,uM,2.128843181,4.2525,0.038087099,71.351875,0.7011875,18.712375,16,16,41,14.24390244,0.380969803,7.704315587,21.3525,0.128597843,57.7804878,0.195522506,0.27885406,1.792682019,ON_20170920_MW1147-14_07_00_000.h5,TC,133-06-2,True
20170920,MW1147-14,7,E3,Captan,0.1,uM,1.574425925,3.28875,0.03340297,64.4501875,0.53325,24.57775,16,16,38,14.55263158,0.311468254,11.30117409,23.60540541,0.070025667,67.63157895,0.208554935,0.249141455,1.167218245,ON_20170920_MW1147-14_07_00_000.h5,TC,133-06-2,True
20170920,MW1147-14,7,E4,Captan,0.3,uM,1.546663522,3.6075,0.045993697,68.9144375,0.69825,18.3289375,16,16,36,15.25,0.331602183,9.619516562,23.34857143,0.068236561,59.69444444,0.173818794,0.29566751,1.960802445,ON_20170920_MW1147-14_07_00_000.h5,TC,133-06-2,True
20170920,MW1147-14,7,E5,Captan,1.0,uM,1.356896078,3.2325,0.038613091,70.12673333,0.5066,19.41086667,16,15,44,13.81818182,0.279808802,11.42915455,20.74186047,0.060150303,50.90909091,0.16852899,0.297913187,1.224263921,ON_20170920_MW1147-14_07_00_000.h5,TC,133-06-2,True
20170920,MW1147-14,7,E6,Captan,3.0,uM,0.866875332,2.412857143,0.032865434,60.56546154,0.34,32.21061538,14,13,29,13.79310345,0.242674466,11.82097094,30.83214286,0.047624684,45.17241379,0.152913501,0.419666541,2.547032169,ON_20170920_MW1147-14_07_00_000.h5,TC,133-06-2,True
20170920,MW1147-14,7,E7,Captan,10.0,uM,2.052894663,4.275,0.064574751,25.3765,0.2995,7.483,4,2,0,,,0.0,,,,0.009375836,1.386827622,1.507535311,ON_20170920_MW1147-14_07_00_000.h5,TC,133-06-2,True
20170920,MW1147-14,7,F1,Cymoxanil,0.03,uM,1.856273159,4.43625,0.032492138,73.4874375,0.52925,20.082875,16,16,31,14.96774194,0.332833461,8.22019991,28.23333333,0.084519128,71.09677419,0.200424113,0.245155915,1.176168507,ON_20170920_MW1147-14_07_00_000.h5,TC,57966-95-7,True
20170920,MW1147-14,7,F2,Cymoxanil,0.0,uM,1.352672869,2.685,0.069822501,47.7895,0.627833333,32.728,8,6,12,7.5,0.210347222,1.681864235,77.37272727,0.060835106,13.83333333,0.051930555,0.393246731,1.892107615,ON_20170920_MW1147-14_07_00_000.h5,TC,57966-95-7,True
20170920,MW1147-14,7,F3,Cymoxanil,0.1,uM,1.680421532,3.78375,0.040882382,67.0528125,0.65975,23.519125,16,16,33,15.09090909,0.423998918,8.829103494,25.796875,0.085972001,64.93939394,0.195326535,0.287339499,1.516307383,ON_20170920_MW1147-14_07_00_000.h5,TC,57966-95-7,True
20170920,MW1147-14,7,F4,Cymoxanil,0.3,uM,1.636574013,3.41,0.041624107,68.63690909,0.581818182,28.36972727,12,11,34,10.52941176,0.284233193,6.550929828,25.47424242,0.058589864,34.29411765,0.114433953,0.375788409,2.22269314,ON_20170920_MW1147-14_07_00_000.h5,TC,57966-95-7,True
20170920,MW1147-14,7,F5,Cymoxanil,1.0,uM,0.801371095,2.43375,0.031937591,75.0123125,0.403125,31.35375,16,16,27,15.14814815,0.276029541,14.76457883,32.43269231,0.048050858,63.2962963,0.220357179,0.428115787,2.177096644,ON_20170920_MW1147-14_07_00_000.h5,TC,57966-95-7,True
20170920,MW1147-14,7,F6,Cymoxanil,3.0,uM,1.624075163,3.836,0.03436136,75.74093333,0.5168,18.45986667,15,15,35,14.45714286,0.309656463,11.19386041,25.02352941,0.066790913,70.42857143,0.198473252,0.315545904,1.124459486,ON_20170920_MW1147-14_07_00_000.h5,TC,57966-95-7,True
20170920,MW1147-14,7,F7,Cymoxanil,10.0,uM,1.452160581,2.595,0.033454593,67.7025625,0.555375,28.459,16,16,27,15.66666667,0.277460317,8.553039333,30.42884615,0.048304804,66.44444444,0.226258538,0.432025234,1.138694631,ON_20170920_MW1147-14_07_00_000.h5,TC,57966-95-7,True
20170920,MW1147-14,7,F8,Cymoxanil,20.0,uM,0.937483024,2.175,0.031415862,68.53146667,0.425266667,30.96646667,16,15,32,13.8125,0.342201761,9.910641755,26.88548387,0.089971456,41.9375,0.217414559,0.320974041,2.465351496,ON_20170920_MW1147-14_07_00_000.h5,TC,57966-95-7,True
20170920,MW1147-14,7,D8,Carbofuran,20.0,uM,0.0,0.0,,0.0,,,0,0,0,,,0.0,,,,0.0,0.0,0.0,ON_20170920_MW1147-14_07_00_000.h5,TC,1563-66-2,True
20170920,MW1147-14,7,E8,Captan,20.0,uM,0.0,0.0,,0.0,,,0,0,0,,,0.0,,,,0.0,0.0,0.0,ON_20170920_MW1147-14_07_00_000.h5,TC,133-06-2,True
20170920,MW1147-15,5,A1,Mancozeb,0.03,uM,0.825017899,1.772307692,0.068991494,45.467125,0.481625,33.15875,13,8,7,8.714285714,0.280195578,0.81884351,137.4666667,0.074765749,11.57142857,0.017745055,0.27799579,1.066870239,ON_20170920_MW1147-15_05_00_000.h5,TC,8018-01-7,True
20170920,MW1147-15,5,A2,Mancozeb,0.0,uM,0.759980643,1.628571429,0.051287124,52.12733333,0.453222222,32.35688889,14,9,16,10.0,0.264140625,3.465600328,58.96,0.066610301,21.125,0.03402077,0.253865033,0.716822578,ON_20170920_MW1147-15_05_00_000.h5,TC,8018-01-7,True
20170920,MW1147-15,5,A3,Mancozeb,0.1,uM,1.071110388,2.533333333,0.053731119,46.078,0.409333333,29.36683333,9,6,11,8.636363636,0.174496753,1.569806279,82.755,0.042813945,12.81818182,0.020526087,0.537343045,1.75175668,ON_20170920_MW1147-15_05_00_000.h5,TC,8018-01-7,True
20170920,MW1147-15,5,A4,Mancozeb,0.3,uM,0.57687589,0.93,0.051859046,48.6664,0.4266,53.4306,8,5,7,8.285714286,0.162453231,2.078676799,94.03333333,0.050132047,13.28571429,0.029150238,0.590022967,1.521261341,ON_20170920_MW1147-15_05_00_000.h5,TC,8018-01-7,True
20170920,MW1147-15,5,A5,Mancozeb,1.0,uM,0.521654753,2.13375,0.062217107,55.316,0.412857143,31.25957143,16,14,27,12.66666667,0.159013081,7.473075913,32.28653846,0.027164473,21.07407407,0.077493317,0.254601032,1.650095786,ON_20170920_MW1147-15_05_00_000.h5,TC,8018-01-7,True
20170920,MW1147-15,5,A6,Mancozeb,3.0,uM,0.408225333,1.098,0.049257466,59.23757143,0.361857143,38.78657143,10,7,21,9.952380952,0.178904478,9.238291302,43.0475,0.029214261,17.0952381,0.073367794,0.556113439,1.265992608,ON_20170920_MW1147-15_05_00_000.h5,TC,8018-01-7,True
20170920,MW1147-15,5,A7,Mancozeb,10.0,uM,0.290676022,0.44,0.069652495,27.5065,0.344,50.814,6,2,0,,,0.0,,,,0.016274347,0.486116307,1.014790057,ON_20170920_MW1147-15_05_00_000.h5,TC,8018-01-7,True
20170920,MW1147-15,5,A8,Mancozeb,20.0,uM,0.615090682,1.426666667,0.076186194,31.393,0.394833333,52.52366667,9,6,0,,,0.0,,,,0.010343973,0.553812827,1.761369717,ON_20170920_MW1147-15_05_00_000.h5,TC,8018-01-7,True
20170920,MW1147-15,5,B1,Boscalid,0.03,uM,1.00983622,2.245714286,0.069446396,45.40908333,0.4855,37.50733333,14,12,15,10.46666667,0.283269841,1.869374567,62.10714286,0.054434941,16.2,0.030181051,0.321276992,1.248536666,ON_20170920_MW1147-15_05_00_000.h5,TC,188425-85-6,True
20170920,MW1147-15,5,B2,Boscalid,0.0,uM,0.773369958,2.12,0.072655747,44.61971429,0.481714286,44.87314286,12,7,3,7.666666667,0.205972222,0.415081287,291.575,0.095902451,12.0,0.00977696,0.327398452,1.400868197,ON_20170920_MW1147-15_05_00_000.h5,TC,188425-85-6,True
20170920,MW1147-15,5,B3,Boscalid,0.1,uM,1.536874104,4.243636364,0.095154772,44.871,0.98875,25.27125,11,8,3,8.333333333,0.272222222,0.244971635,185.325,0.116970092,12.66666667,0.014805996,0.404957947,1.130858114,ON_20170920_MW1147-15_05_00_000.h5,TC,188425-85-6,True
20170920,MW1147-15,5,B4,Boscalid,0.3,uM,0.815573704,2.026153846,0.066128813,41.3983,0.4718,41.9945,13,10,9,10.44444444,0.250416667,1.168152475,99.625,0.057246573,12.66666667,0.016077265,0.509246372,1.171317869,ON_20170920_MW1147-15_05_00_000.h5,TC,188425-85-6,True
20170920,MW1147-15,5,B5,Boscalid,1.0,uM,1.498068581,5.172,0.056956655,49.574,0.452875,25.37675,10,8,10,10.6,0.254181548,1.06017192,94.44444444,0.05028065,14.8,0.032276853,0.421925391,1.427210541,ON_20170920_MW1147-15_05_00_000.h5,TC,188425-85-6,True
20170920,MW1147-15,5,B6,Boscalid,3.0,uM,1.098028218,1.88,0.07516,32.713,0.761,10.422,3,1,0,,,0.0,,,,0.003651822,1.524953833,3.126338914,ON_20170920_MW1147-15_05_00_000.h5,TC,188425-85-6,True
20170920,MW1147-15,5,B7,Boscalid,10.0,uM,0.25249168,0.113333333,0.093548986,16.071,0.538,77.325,9,1,0,,,0.0,,,,0.003813832,0.356630193,0.897344707,ON_20170920_MW1147-15_05_00_000.h5,TC,188425-85-6,True
20170920,MW1147-15,5,B8,Boscalid,20.0,uM,0.412354357,0.22,0.112507826,27.184,0.518,92.537,6,1,0,,,0.0,,,,0.001920901,0.716096965,0.776407363,ON_20170920_MW1147-15_05_00_000.h5,TC,188425-85-6,True
20170920,MW1147-15,5,C1,Glycerol,0.03,uM,0.7572558,1.296,0.092876396,39.93585714,0.624142857,36.68071429,15,7,5,10.4,0.173208333,0.567144093,145.1375,0.028500426,11.8,0.015731932,0.301649913,1.024514736,ON_20170920_MW1147-15_05_00_000.h5,TC,56-81-5,True
20170920,MW1147-15,5,C2,Glycerol,0.0,uM,1.169573617,2.876,0.071921314,44.03466667,0.557,27.23866667,15,12,16,12.625,0.270866815,2.080737603,57.98666667,0.037768464,20.875,0.037403311,0.271670173,0.756909293,ON_20170920_MW1147-15_05_00_000.h5,TC,56-81-5,True
20170920,MW1147-15,5,C3,Glycerol,0.1,uM,1.330057475,2.455,0.092739398,42.9183,0.8279,42.6337,12,10,6,9.666666667,0.246388889,0.417036986,93.24,0.058134582,10.16666667,0.022503872,0.503789189,1.677305608,ON_20170920_MW1147-15_05_00_000.h5,TC,56-81-5,True
20170920,MW1147-15,5,C4,Glycerol,0.3,uM,0.990965899,3.432,0.133594352,50.864,0.8985,19.9135,5,2,0,,,0.0,,,,0.00246939,0.368374388,2.017318764,ON_20170920_MW1147-15_05_00_000.h5,TC,56-81-5,True
20170920,MW1147-15,5,C5,Glycerol,1.0,uM,0.641155911,2.0,0.06872008,52.1385,0.506833333,23.38533333,9,6,2,6.5,0.225,0.421091175,217.55,0.035355339,11.5,0.00688045,0.655610851,1.092758398,ON_20170920_MW1147-15_05_00_000.h5,TC,56-81-5,True
20170920,MW1147-15,5,C6,Glycerol,3.0,uM,0.902831321,3.12,0.068968678,42.11583333,0.465333333,22.27416667,10,6,1,7.0,0.21,0.144248107,,,12.0,0.004157998,0.70716646,1.537347295,ON_20170920_MW1147-15_05_00_000.h5,TC,56-81-5,True
20170920,MW1147-15,5,C7,Glycerol,10.0,uM,0.871181002,1.68,0.081679659,39.85125,0.55625,24.039,11,4,1,6.0,0.275,0.091168091,,,8.0,0.003555897,0.694089661,1.26332219,ON_20170920_MW1147-15_05_00_000.h5,TC,56-81-5,True
20170920,MW1147-15,5,C8,Glycerol,20.0,uM,0.31588865,0.24,0.080593846,9.259,0.322,51.294,6,1,0,,,0.0,,,,0.005425971,0.455943027,1.198912969,ON_20170920_MW1147-15_05_00_000.h5,TC,56-81-5,True
20170920,MW1147-15,5,D1,Carbofuran,0.03,uM,1.195736286,3.356,0.054647766,45.8455,0.450833333,37.66716667,15,12,15,12.0,0.22172619,2.254447965,59.28214286,0.037387742,24.66666667,0.036873274,0.304225204,1.227289745,ON_20170920_MW1147-15_05_00_000.h5,TC,1563-66-2,True
20170920,MW1147-15,5,D2,Carbofuran,0.0,uM,1.333748019,2.952,0.073751766,37.639,0.658166667,27.75416667,10,6,5,9.2,0.294,0.768297614,128.925,0.071390942,19.0,0.018965754,0.478089871,1.198578593,ON_20170920_MW1147-15_05_00_000.h5,TC,1563-66-2,True
20170920,MW1147-15,5,D3,Carbofuran,0.1,uM,0.446491187,1.02,0.071636209,53.5875,0.4875,27.5265,13,4,0,,,0.0,,,,0.004273563,0.626303491,1.050451215,ON_20170920_MW1147-15_05_00_000.h5,TC,1563-66-2,True
20170920,MW1147-15,5,D4,Carbofuran,0.3,uM,0.886461383,2.17,0.064384651,38.6708,0.4387,45.183,12,10,4,10.0,0.163988095,0.463196053,111.5,0.089312827,11.5,0.01851401,0.371214973,1.39932082,ON_20170920_MW1147-15_05_00_000.h5,TC,1563-66-2,True
20170920,MW1147-15,5,D5,Carbofuran,1.0,uM,1.507002621,2.76,0.07365667,38.9372,0.6008,15.7644,8,5,1,8.0,0.2,0.124866215,,,14.0,0.003599881,0.53652251,1.365030239,ON_20170920_MW1147-15_05_00_000.h5,TC,1563-66-2,True
20170920,MW1147-15,5,D6,Carbofuran,3.0,uM,0.342413398,0.829090909,0.060362942,47.8034,0.3542,42.22,11,5,0,,,0.0,,,,0.007692839,0.482638803,1.014997224,ON_20170920_MW1147-15_05_00_000.h5,TC,1563-66-2,True
20170920,MW1147-15,5,D7,Carbofuran,10.0,uM,1.164409291,1.666666667,0.137735445,31.2795,0.876,8.3045,9,2,0,,,0.0,,,,-0.000416755,0.690855542,1.700205539,ON_20170920_MW1147-15_05_00_000.h5,TC,1563-66-2,True
20170920,MW1147-15,5,E1,Captan,0.03,uM,0.835921939,2.175,0.057974655,44.85376923,0.417538462,40.88730769,16,13,15,12.26666667,0.271416005,1.696582247,56.43928571,0.095933334,13.8,0.03363703,0.251966239,0.852446326,ON_20170920_MW1147-15_05_00_000.h5,TC,133-06-2,True
20170920,MW1147-15,5,E2,Captan,0.0,uM,0.991445487,1.98375,0.048323906,44.71985714,0.483428571,48.9365,16,14,14,14.14285714,0.307597789,3.206412826,64.62307692,0.052180919,33.14285714,0.062617623,0.181380322,0.797933074,ON_20170920_MW1147-15_05_00_000.h5,TC,133-06-2,True
20170920,MW1147-15,5,E3,Captan,0.1,uM,1.23541877,1.467272727,0.070634556,30.0986,0.6976,27.2746,11,5,8,9.25,0.244010417,0.944075526,121.1928571,0.094013766,14.75,0.014450071,0.548643712,1.011394911,ON_20170920_MW1147-15_05_00_000.h5,TC,133-06-2,True
20170920,MW1147-15,5,E4,Captan,0.3,uM,0.314296549,0.54,0.061217693,46.01233333,0.371,61.22133333,7,3,0,,,0.0,,,,0.004249165,0.738881765,1.411981606,ON_20170920_MW1147-15_05_00_000.h5,TC,133-06-2,True
20170920,MW1147-15,5,E5,Captan,1.0,uM,0.626521156,1.490769231,0.07527635,34.97814286,0.393142857,51.26628571,13,7,2,7.5,0.153125,0.268276325,367.0,0.022097087,10.0,0.006505627,0.425573762,1.043282557,ON_20170920_MW1147-15_05_00_000.h5,TC,133-06-2,True
20170920,MW1147-15,5,E6,Captan,3.0,uM,0.35337541,0.534545455,0.072877839,34.6895,0.42,53.3935,11,2,1,9.0,0.166666667,0.212652844,,,8.0,0.008161729,0.494544338,0.957687912,ON_20170920_MW1147-15_05_00_000.h5,TC,133-06-2,True
20170920,MW1147-15,5,E7,Captan,10.0,uM,0.139217554,0.0,,0.0,,,1,0,0,,,0.0,,,,-0.000214123,1.180749062,0.911738543,ON_20170920_MW1147-15_05_00_000.h5,TC,133-06-2,True
20170920,MW1147-15,5,F1,Cymoxanil,0.03,uM,1.021001812,1.788,0.077206972,32.78808333,0.573166667,36.38875,15,12,12,9.75,0.299930556,1.266910028,74.26363636,0.060903041,14.75,0.015842932,0.194030148,0.938630137,ON_20170920_MW1147-15_05_00_000.h5,TC,57966-95-7,True
20170920,MW1147-15,5,F2,Cymoxanil,0.0,uM,0.578862754,1.18125,0.047899843,45.25625,0.3725,45.80525,16,12,18,10.5,0.25072586,3.716416144,50.98529412,0.048530118,17.44444444,0.035163006,0.319405556,1.056432569,ON_20170920_MW1147-15_05_00_000.h5,TC,57966-95-7,True
20170920,MW1147-15,5,F3,Cymoxanil,0.1,uM,0.797760435,1.83,0.059609409,44.1809,0.3993,51.5358,12,10,12,9.666666667,0.215099206,1.806818182,79.42272727,0.072284261,13.25,0.029050571,0.386853992,1.153553759,ON_20170920_MW1147-15_05_00_000.h5,TC,57966-95-7,True
20170920,MW1147-15,5,F4,Cymoxanil,0.3,uM,0.531258971,1.358181818,0.079013268,50.5425,0.52525,54.75325,11,4,2,9.0,0.1375,0.588343445,106.7,0.01767767,16.0,0.019598128,0.697385984,1.785984207,ON_20170920_MW1147-15_05_00_000.h5,TC,57966-95-7,True
20170920,MW1147-15,5,F5,Cymoxanil,1.0,uM,0.791700878,1.04,0.068966705,32.494,0.39675,61.989625,9,8,4,9.25,0.15078125,0.779142943,103.2333333,0.020472129,13.0,0.013427029,0.895321176,1.258546227,ON_20170920_MW1147-15_05_00_000.h5,TC,57966-95-7,True
20170920,MW1147-15,5,F6,Cymoxanil,3.0,uM,1.052490192,2.94,0.060688158,69.187,0.5902,28.0234,8,5,4,6.25,0.253125,0.626678603,272.8666667,0.069503447,12.25,0.017732877,0.802228026,2.281503684,ON_20170920_MW1147-15_05_00_000.h5,TC,57966-95-7,True
20170920,MW1147-15,5,F7,Cymoxanil,10.0,uM,0.222802897,0.45,0.060584876,56.87833333,0.311333333,62.72333333,8,3,2,7.5,0.102619048,0.978135788,363.35,0.034008469,8.5,0.027071822,0.480933044,0.905407796,ON_20170920_MW1147-15_05_00_000.h5,TC,57966-95-7,True
20170920,MW1147-15,5,F8,Cymoxanil,20.0,uM,0.298824451,0.12,0.081116,18.352,0.361,108.075,5,1,0,,,0.0,,,,0.015908495,1.055426602,1.936066486,ON_20170920_MW1147-15_05_00_000.h5,TC,57966-95-7,True
20170920,MW1147-15,5,D8,Carbofuran,20.0,uM,0.0,0.0,,0.0,,,0,0,0,,,0.0,,,,0.0,0.0,0.0,ON_20170920_MW1147-15_05_00_000.h5,TC,1563-66-2,True
20170920,MW1147-15,5,E8,Captan,20.0,uM,0.0,0.0,,0.0,,,0,0,0,,,0.0,,,,0.0,0.0,0.0,ON_20170920_MW1147-15_05_00_000.h5,TC,133-06-2,True
20170920,MW1147-15,7,A1,Mancozeb,0.03,uM,2.669151219,5.67,0.041048518,69.987,0.8015625,16.1375625,16,16,39,14.43589744,0.440462454,6.833121151,23.01842105,0.104806888,67.43589744,0.191490791,0.268561581,2.407140287,ON_20170920_MW1147-15_07_00_000.h5,TC,8018-01-7,True
20170920,MW1147-15,7,A2,Mancozeb,0.0,uM,2.177332246,4.81125,0.033383235,66.27325,0.540875,18.158125,16,16,36,15.41666667,0.409505045,8.895754371,24.72428571,0.065109804,77.58333333,0.177773207,0.237032228,1.578430485,ON_20170920_MW1147-15_07_00_000.h5,TC,8018-01-7,True
20170920,MW1147-15,7,A3,Mancozeb,0.1,uM,1.603959535,3.15,0.038955744,54.3511875,0.5370625,27.365625,16,16,42,13.88095238,0.31551729,7.985645726,20.79756098,0.079507368,43.97619048,0.12410185,0.266280787,0.924180076,ON_20170920_MW1147-15_07_00_000.h5,TC,8018-01-7,True
20170920,MW1147-15,7,A4,Mancozeb,0.3,uM,1.529479335,3.33375,0.036940257,67.532125,0.568375,21.49825,16,16,35,14.48571429,0.341994048,8.832464294,23.69264706,0.092980624,55.65714286,0.165958108,0.234610232,2.501286895,ON_20170920_MW1147-15_07_00_000.h5,TC,8018-01-7,True
20170920,MW1147-15,7,A5,Mancozeb,1.0,uM,2.100563549,4.81125,0.04135118,72.549125,0.73425,13.72925,16,16,67,13.64179104,0.294334339,8.019148234,12.93181818,0.100577373,36.25373134,0.168724619,0.299821927,2.598975063,ON_20170920_MW1147-15_07_00_000.h5,TC,8018-01-7,True
20170920,MW1147-15,7,A6,Mancozeb,3.0,uM,1.388077913,3.498461538,0.042362253,65.473,0.578307692,21.90138462,13,13,26,13.38461538,0.328638965,9.701675021,32.21,0.100866906,61.03846154,0.138359868,0.347754098,2.417102162,ON_20170920_MW1147-15_07_00_000.h5,TC,8018-01-7,True
20170920,MW1147-15,7,A7,Mancozeb,10.0,uM,0.940623434,2.444,0.047412117,62.5295,0.461,32.1345,15,12,32,11.84375,0.237579985,6.817109608,27.14354839,0.072659502,27.09375,0.096187852,0.416561665,2.246676073,ON_20170920_MW1147-15_07_00_000.h5,TC,8018-01-7,True
20170920,MW1147-15,7,A8,Mancozeb,20.0,uM,0.922958081,2.66625,0.039106558,70.94785714,0.438214286,24.73057143,16,14,29,13.86206897,0.236663059,10.18859418,30.84107143,0.073683907,46.75862069,0.155766946,0.320423385,2.668390148,ON_20170920_MW1147-15_07_00_000.h5,TC,8018-01-7,True
20170920,MW1147-15,7,B1,Boscalid,0.03,uM,1.958815384,3.81375,0.036655504,71.56375,0.712625,17.8135,16,16,34,14.73529412,0.380574203,6.783261347,26.78787879,0.112928674,56.35294118,0.208415256,0.20853161,1.969727205,ON_20170920_MW1147-15_07_00_000.h5,TC,188425-85-6,True
20170920,MW1147-15,7,B2,Boscalid,0.0,uM,1.581351951,2.91375,0.035794714,66.3906875,0.610125,21.398375,16,16,38,15.13157895,0.350256109,11.26606148,23.32027027,0.055562814,67.60526316,0.215319783,0.187614939,2.272414241,ON_20170920_MW1147-15_07_00_000.h5,TC,188425-85-6,True
20170920,MW1147-15,7,B3,Boscalid,0.1,uM,1.776845138,5.00625,0.042050846,73.59226667,0.648,19.5116,16,15,42,14.88095238,0.303827475,8.254624932,21.7195122,0.062675591,50.35714286,0.169363741,0.314168636,2.447432681,ON_20170920_MW1147-15_07_00_000.h5,TC,188425-85-6,True
20170920,MW1147-15,7,B4,Boscalid,0.3,uM,1.632531083,4.25625,0.036644748,73.523625,0.57375,22.538625,16,16,42,15.02380952,0.30750874,9.3496453,21.5695122,0.059048997,52.4047619,0.211034254,0.319505448,1.398096102,ON_20170920_MW1147-15_07_00_000.h5,TC,188425-85-6,True
20170920,MW1147-15,7,B5,Boscalid,1.0,uM,1.669909879,3.8175,0.038577588,62.48225,0.5776875,27.21825,16,16,30,14.9,0.347527778,7.475083056,29.32241379,0.050483107,60.0,0.150032102,0.301013719,2.029800605,ON_20170920_MW1147-15_07_00_000.h5,TC,188425-85-6,True
20170920,MW1147-15,7,B6,Boscalid,3.0,uM,0.847067797,1.94,0.048041239,66.97,0.535166667,22.32366667,12,6,23,9.260869565,0.20375,6.345615169,35.96590909,0.0462057,25.60869565,0.068582502,0.715209416,1.462788912,ON_20170920_MW1147-15_07_00_000.h5,TC,188425-85-6,True
20170920,MW1147-15,7,B7,Boscalid,10.0,uM,0.661491433,2.0,0.050717909,58.071,0.498285714,30.81471429,12,7,18,12.16666667,0.146775693,6.980898722,48.45,0.025471445,28.22222222,0.072345869,0.609861112,2.701973089,ON_20170920_MW1147-15_07_00_000.h5,TC,188425-85-6,True
20170920,MW1147-15,7,B8,Boscalid,20.0,uM,0.478411612,1.075,0.064592426,40.64542857,0.427428571,43.05928571,12,7,13,10.61538462,0.162211538,4.456666035,68.42083333,0.026848327,18.07692308,0.040402633,0.372368956,1.246246777,ON_20170920_MW1147-15_07_00_000.h5,TC,188425-85-6,True
20170920,MW1147-15,7,C1,Glycerol,0.03,uM,2.78517112,6.9225,0.046794529,68.1325625,0.9415,14.617875,16,16,38,14.92105263,0.433870755,5.828892983,22.32567568,0.133248198,61.60526316,0.155661873,0.241194821,1.612888262,ON_20170920_MW1147-15_07_00_000.h5,TC,56-81-5,True
20170920,MW1147-15,7,C2,Glycerol,0.0,uM,1.727677111,3.93375,0.034443528,77.7436875,0.6223125,16.9366875,16,16,42,15.0952381,0.332539446,11.74487216,21.50731707,0.031599711,69.66666667,0.244218592,0.311623367,2.561439994,ON_20170920_MW1147-15_07_00_000.h5,TC,56-81-5,True
20170920,MW1147-15,7,C3,Glycerol,0.1,uM,1.369839279,3.8625,0.04343317,69.59133333,0.622533333,17.66706667,16,15,35,14.68571429,0.319486395,8.31772389,24.50735294,0.059854271,46.94285714,0.144954379,0.343256837,2.497127586,ON_20170920_MW1147-15_07_00_000.h5,TC,56-81-5,True
20170920,MW1147-15,7,C4,Glycerol,0.3,uM,1.371064435,2.91,0.074210488,49.45744444,0.771777778,19.52622222,12,9,14,10.35714286,0.198928571,2.17011556,63.41923077,0.045790106,23.07142857,0.029705072,0.496753637,2.004461711,ON_20170920_MW1147-15_07_00_000.h5,TC,56-81-5,True
20170920,MW1147-15,7,C5,Glycerol,1.0,uM,1.733433029,3.90375,0.046966484,66.3336875,0.738875,19.27325,16,16,41,14.19512195,0.351489547,8.669387102,21.6425,0.059703383,52.85365854,0.141574317,0.392857249,1.978971233,ON_20170920_MW1147-15_07_00_000.h5,TC,56-81-5,True
20170920,MW1147-15,7,C6,Glycerol,3.0,uM,1.720876343,5.568,0.049687119,62.03926667,0.5164,24.5952,15,15,27,13.11111111,0.301522266,4.237033217,31.17884615,0.06439373,36.51851852,0.081078091,0.370599981,2.485463371,ON_20170920_MW1147-15_07_00_000.h5,TC,56-81-5,True
20170920,MW1147-15,7,C7,Glycerol,10.0,uM,1.166162979,3.1275,0.048378977,65.64764286,0.685642857,23.88278571,16,14,40,13.625,0.290895337,8.283777355,22.67307692,0.073619872,34.825,0.128809327,0.532845431,1.992364192,ON_20170920_MW1147-15_07_00_000.h5,TC,56-81-5,True
20170920,MW1147-15,7,C8,Glycerol,20.0,uM,0.763091487,1.784,0.052115877,53.74385714,0.526142857,34.85114286,15,14,19,13.52631579,0.222248329,6.768516728,43.19722222,0.038062452,36.84210526,0.103172469,0.45155393,2.153956741,ON_20170920_MW1147-15_07_00_000.h5,TC,56-81-5,True
20170920,MW1147-15,7,D1,Carbofuran,0.03,uM,2.773728632,6.04875,0.042284017,68.073875,0.9083125,15.5255625,16,16,38,14.57894737,0.398418679,6.190464285,23.04054054,0.127425046,65.15789474,0.17415353,0.201375193,1.906616931,ON_20170920_MW1147-15_07_00_000.h5,TC,1563-66-2,True
20170920,MW1147-15,7,D2,Carbofuran,0.0,uM,1.750770134,3.8925,0.036474834,73.55575,0.6225625,18.765625,16,16,32,15.28125,0.343677455,9.296522221,27.26935484,0.059197832,73.34375,0.20452451,0.285650697,1.49906746,ON_20170920_MW1147-15_07_00_000.h5,TC,1563-66-2,True
20170920,MW1147-15,7,D3,Carbofuran,0.1,uM,2.213670817,4.8375,0.05245978,66.361875,0.88075,15.3474375,16,16,39,14.87179487,0.38389652,6.378246296,22.75657895,0.070367852,52.20512821,0.142754103,0.300964949,2.065094582,ON_20170920_MW1147-15_07_00_000.h5,TC,1563-66-2,True
20170920,MW1147-15,7,D4,Carbofuran,0.3,uM,2.077054435,5.36625,0.044185933,73.396625,0.6231875,14.45325,16,16,33,15.06060606,0.373332431,7.051517479,26.5328125,0.072765823,64.0,0.162393949,0.289826361,2.262729478,ON_20170920_MW1147-15_07_00_000.h5,TC,1563-66-2,True
20170920,MW1147-15,7,D5,Carbofuran,1.0,uM,1.287502895,3.081428571,0.046813272,55.63769231,0.592307692,26.06323077,14,13,24,13.25,0.268341187,5.939624028,33.24565217,0.090075332,40.41666667,0.105272985,0.359102467,2.574734166,ON_20170920_MW1147-15_07_00_000.h5,TC,1563-66-2,True
20170920,MW1147-15,7,D6,Carbofuran,3.0,uM,1.737455238,3.53625,0.052700463,53.0834375,0.6800625,24.1741875,16,16,29,13.68965517,0.287542077,5.252654267,28.67321429,0.06464509,45.37931034,0.093601369,0.290981969,1.777553288,ON_20170920_MW1147-15_07_00_000.h5,TC,1563-66-2,True
20170920,MW1147-15,7,D7,Carbofuran,10.0,uM,1.649620514,4.65,0.069596236,44.8735,0.587666667,21.38441667,14,12,21,9.714285714,0.229265873,2.055222089,42.7025,0.076974687,20.38095238,0.022833524,0.307193254,0.926708462,ON_20170920_MW1147-15_07_00_000.h5,TC,1563-66-2,True
20170920,MW1147-15,7,E1,Captan,0.03,uM,2.534337896,4.32375,0.031567818,71.4081875,0.7524375,17.0116875,16,16,57,12.71929825,0.327250924,7.174716103,15.46696429,0.188282936,46.0,0.264527079,0.235236067,2.33070955,ON_20170920_MW1147-15_07_00_000.h5,TC,133-06-2,True
20170920,MW1147-15,7,E2,Captan,0.0,uM,2.096194598,3.6675,0.037170946,60.81753333,0.676866667,19.62126667,16,15,29,15.31034483,0.354547756,8.042478579,28.64285714,0.056032577,83.82758621,0.170725157,0.258603972,1.717034,ON_20170920_MW1147-15_07_00_000.h5,TC,133-06-2,True
20170920,MW1147-15,7,E3,Captan,0.1,uM,1.235104552,2.788,0.033432693,76.03446667,0.601333333,27.1452,15,15,35,14.94285714,0.34245805,13.39738617,24.0,0.058176765,64.14285714,0.228130331,0.300495682,2.616242375,ON_20170920_MW1147-15_07_00_000.h5,TC,133-06-2,True
20170920,MW1147-15,7,E4,Captan,0.3,uM,1.232054644,4.121538462,0.054617315,76.975,0.7693,18.9321,13,10,30,11.76666667,0.210466931,7.856750069,26.87586207,0.09061221,38.1,0.112016778,0.412524017,2.426107381,ON_20170920_MW1147-15_07_00_000.h5,TC,133-06-2,True
20170920,MW1147-15,7,E5,Captan,1.0,uM,1.77504208,5.06625,0.052811451,66.13453333,0.6718,16.62966667,16,15,31,14.06451613,0.330556516,4.797624629,28.57,0.066342907,39.61290323,0.109747102,0.300016085,2.31913899,ON_20170920_MW1147-15_07_00_000.h5,TC,133-06-2,True
20170920,MW1147-15,7,E6,Captan,3.0,uM,1.278299369,2.87625,0.050898225,55.942,0.574875,28.601875,16,16,28,13.53571429,0.301330782,6.623989584,31.30185185,0.075080035,43.60714286,0.100538743,0.400122922,2.421143918,ON_20170920_MW1147-15_07_00_000.h5,TC,133-06-2,True
20170920,MW1147-15,7,E7,Captan,10.0,uM,1.147022816,0.495,0.183416,7.847,0.917,25.987,4,1,0,,,0.0,,,,0.000767771,0.85496815,1.394498321,ON_20170920_MW1147-15_07_00_000.h5,TC,133-06-2,True
20170920,MW1147-15,7,F1,Cymoxanil,0.03,uM,2.789609419,4.755,0.042859851,65.9621875,0.9875625,17.0895,16,16,24,15.83333333,0.493105159,4.14159996,35.48695652,0.083450917,69.41666667,0.17346353,0.260878833,1.954484391,ON_20170920_MW1147-15_07_00_000.h5,TC,57966-95-7,True
20170920,MW1147-15,7,F2,Cymoxanil,0.0,uM,1.72857864,3.5775,0.038877311,68.3750625,0.71775,17.512375,16,16,44,14.72727273,0.389770924,11.40576105,19.93023256,0.125586429,64.61363636,0.189773811,0.226135789,1.974289196,ON_20170920_MW1147-15_07_00_000.h5,TC,57966-95-7,True
20170920,MW1147-15,7,F3,Cymoxanil,0.1,uM,2.059370589,5.05125,0.034941983,70.609375,0.569875,21.6065625,16,16,40,14.775,0.378078373,7.506061422,22.43076923,0.071464843,55.725,0.184844814,0.196134734,2.470404878,ON_20170920_MW1147-15_07_00_000.h5,TC,57966-95-7,True
20170920,MW1147-15,7,F4,Cymoxanil,0.3,uM,1.32032451,2.655,0.038599151,63.60275,0.51575,32.073875,16,16,33,13.63636364,0.311041667,7.973107831,27.3171875,0.06363482,46.0,0.158603797,0.234802964,1.946556607,ON_20170920_MW1147-15_07_00_000.h5,TC,57966-95-7,True
20170920,MW1147-15,7,F5,Cymoxanil,1.0,uM,2.14342087,3.89625,0.045137145,60.5032,0.779666667,18.8782,16,15,30,14.83333333,0.367724206,6.587291316,27.76034483,0.105054161,67.86666667,0.149808164,0.264152647,2.270803585,ON_20170920_MW1147-15_07_00_000.h5,TC,57966-95-7,True
20170920,MW1147-15,7,F6,Cymoxanil,3.0,uM,1.491490272,3.264,0.036874551,65.54993333,0.5476,28.07466667,15,15,30,14.16666667,0.277608796,10.16260163,28.44310345,0.046499199,68.33333333,0.174696685,0.406677272,1.334974117,ON_20170920_MW1147-15_07_00_000.h5,TC,57966-95-7,True
20170920,MW1147-15,7,F7,Cymoxanil,10.0,uM,0.676248776,2.072,0.040403362,76.6328,0.429733333,31.58866667,15,15,28,13.17857143,0.236695366,13.13517648,31.88333333,0.04741258,42.92857143,0.175766006,0.497714484,0.904439048,ON_20170920_MW1147-15_07_00_000.h5,TC,57966-95-7,True
20170920,MW1147-15,7,F8,Cymoxanil,20.0,uM,0.713530485,1.636,0.03920019,62.49246154,0.506923077,35.049,15,13,28,12.96428571,0.218515094,14.03690649,29.29259259,0.044612722,48.35714286,0.171584275,0.445905699,2.160412093,ON_20170920_MW1147-15_07_00_000.h5,TC,57966-95-7,True
20170920,MW1147-15,7,D8,Carbofuran,20.0,uM,0.0,0.0,,0.0,,,0,0,0,,,0.0,,,,0.0,0.0,0.0,ON_20170920_MW1147-15_07_00_000.h5,TC,1563-66-2,True
20170920,MW1147-15,7,E8,Captan,20.0,uM,0.0,0.0,,0.0,,,0,0,0,,,0.0,,,,0.0,0.0,0.0,ON_20170920_MW1147-15_07_00_000.h5,TC,133-06-2,True
20170920,MW1147-17,5,A1,Picoxystrobin,0.0003,uM,0.788470172,1.7775,0.047376567,54.21046154,0.491692308,42.93376923,16,13,16,13.3125,0.285066344,5.572432949,56.91333333,0.041876145,40.125,0.075091555,0.36734966,0.967500656,ON_20170920_MW1147-17_05_00_000.h5,TC,117428-22-5,True
20170920,MW1147-17,5,A2,Picoxystrobin,0.0,uM,0.928343042,2.408,0.051352157,49.54846667,0.444933333,50.8042,15,15,18,14.61111111,0.237136243,5.191150027,51.30294118,0.040209327,36.88888889,0.082007873,0.252362074,1.420067256,ON_20170920_MW1147-17_05_00_000.h5,TC,117428-22-5,True
20170920,MW1147-17,5,A3,Picoxystrobin,0.001,uM,1.03847291,1.9875,0.072506781,36.8185,0.536333333,41.01883333,8,6,5,7.6,0.199666667,0.593089221,197.15,0.081567968,9.2,0.011263348,0.713530091,1.50405596,ON_20170920_MW1147-17_05_00_000.h5,TC,117428-22-5,True
20170920,MW1147-17,5,A4,Picoxystrobin,0.003,uM,0.555840069,0.969230769,0.046880127,51.49,0.365428571,47.36042857,13,7,15,13.13333333,0.129604955,6.552706553,61.17142857,0.02302593,29.13333333,0.07549547,0.441376801,1.420937418,ON_20170920_MW1147-17_05_00_000.h5,TC,117428-22-5,True
20170920,MW1147-17,5,A5,Picoxystrobin,0.01,uM,0.600814134,1.23,0.0360767,59.16693333,0.389466667,59.34966667,16,15,13,14.69230769,0.249233822,7.210388427,71.84166667,0.032506731,48.69230769,0.110963103,0.322122955,0.941908886,ON_20170920_MW1147-17_05_00_000.h5,TC,117428-22-5,True
20170920,MW1147-17,5,A6,Picoxystrobin,0.03,uM,0.47742105,0.733846154,0.042584001,43.0252,0.4539,68.6737,13,10,12,14.25,0.165397652,9.13304721,74.01363636,0.04859722,44.33333333,0.10002158,0.46317151,0.834805333,ON_20170920_MW1147-17_05_00_000.h5,TC,117428-22-5,True
20170920,MW1147-17,5,A7,Picoxystrobin,0.1,uM,0.561315081,1.296923077,0.047594481,44.60023077,0.361615385,55.67323077,13,13,15,14.4,0.180869048,7.314910596,61.13214286,0.017969594,33.0,0.093186616,0.348112955,0.746975235,ON_20170920_MW1147-17_05_00_000.h5,TC,117428-22-5,True
20170920,MW1147-17,5,A8,Picoxystrobin,0.3,uM,1.142713228,2.67,0.047630863,49.83830769,0.409923077,41.42169231,14,13,17,13.35294118,0.231258754,3.31284153,53.378125,0.039773509,28.52941176,0.063790068,0.545971478,1.206165111,ON_20170920_MW1147-17_05_00_000.h5,TC,117428-22-5,True
20170920,MW1147-17,5,B1,Fluoxastrobin,0.001,uM,0.685380258,1.14,0.039517096,38.05966667,0.391444444,59.35377778,12,9,10,12.1,0.208544643,3.753105793,98.99444444,0.046648236,28.7,0.045176276,0.486038438,0.934759868,ON_20170920_MW1147-17_05_00_000.h5,TC,361377-29-9,True
20170920,MW1147-17,5,B2,Fluoxastrobin,0.0,uM,1.028864264,2.116,0.054883436,48.097,0.565307692,41.04753846,15,13,15,14.6,0.275527778,3.917686161,61.2,0.093818059,36.93333333,0.070722503,0.309107898,1.146668946,ON_20170920_MW1147-17_05_00_000.h5,TC,361377-29-9,True
20170920,MW1147-17,5,B3,Fluoxastrobin,0.003,uM,0.524590385,1.583076923,0.03990207,57.03338462,0.390538462,57.95623077,13,13,12,14.16666667,0.265322421,8.096590909,73.4,0.025386915,42.75,0.119840638,0.528070496,0.96820616,ON_20170920_MW1147-17_05_00_000.h5,TC,361377-29-9,True
20170920,MW1147-17,5,B4,Fluoxastrobin,0.01,uM,0.940528855,1.804285714,0.057365834,42.88083333,0.543916667,45.01641667,14,12,11,14.45454545,0.245246212,3.056153719,78.35,0.044436364,33.54545455,0.068623287,0.378217591,1.034937103,ON_20170920_MW1147-17_05_00_000.h5,TC,361377-29-9,True
20170920,MW1147-17,5,B5,Fluoxastrobin,0.03,uM,0.76446811,1.23,0.046020974,38.00375,0.5415,53.94,14,8,9,14.0,0.184632937,3.37181045,107.55625,0.03280601,37.0,0.048830275,0.44092304,1.477094275,ON_20170920_MW1147-17_05_00_000.h5,TC,361377-29-9,True
20170920,MW1147-17,5,B6,Fluoxastrobin,0.1,uM,1.151504533,4.164,0.057403283,47.48688889,0.483333333,37.66288889,10,9,12,11.41666667,0.240347222,3.546696612,79.44545455,0.043595808,31.58333333,0.043183371,0.547623083,1.480980859,ON_20170920_MW1147-17_05_00_000.h5,TC,361377-29-9,True
20170920,MW1147-17,5,B7,Fluoxastrobin,0.3,uM,0.480341057,1.053333333,0.064880419,56.6916,0.52,55.6568,9,5,6,11.66666667,0.170228175,2.937635444,110.8,0.015800647,20.33333333,0.052308404,0.850649398,1.46016265,ON_20170920_MW1147-17_05_00_000.h5,TC,361377-29-9,True
20170920,MW1147-17,5,B8,Fluoxastrobin,1.0,uM,1.682836202,2.1,0.061970182,48.2448,1.5354,49.7528,6,5,9,7.333333333,0.197916667,1.224576722,110.5875,0.046374644,12.77777778,0.028535866,0.677580733,2.630471933,ON_20170920_MW1147-17_05_00_000.h5,TC,361377-29-9,True
20170920,MW1147-17,5,C1,IPBC,0.01,uM,0.794893534,1.988571429,0.044458352,56.90727273,0.473090909,44.20254545,14,11,14,14.14285714,0.256146542,6.622002136,67.72692308,0.076967184,48.71428571,0.092122191,0.413553946,1.034656185,ON_20170920_MW1147-17_05_00_000.h5,TC,55406-53-6,True
20170920,MW1147-17,5,C2,IPBC,0.0,uM,1.719956784,4.196,0.0575269,49.5952,0.625333333,26.40326667,15,15,15,14.73333333,0.346551587,3.205563094,59.25357143,0.07936388,50.4,0.059707843,0.297343204,1.016332627,ON_20170920_MW1147-17_05_00_000.h5,TC,55406-53-6,True
20170920,MW1147-17,5,C3,IPBC,0.03,uM,0.691102949,1.448571429,0.051781203,48.61841667,0.45375,54.8935,14,12,10,14.5,0.235315476,3.866353783,87.72222222,0.054340207,34.6,0.075455643,0.45566189,1.176790285,ON_20170920_MW1147-17_05_00_000.h5,TC,55406-53-6,True
20170920,MW1147-17,5,C4,IPBC,0.1,uM,0.832699559,1.816363636,0.055234698,44.9741,0.4369,65.9744,11,10,13,11.53846154,0.203514194,3.632075472,72.6375,0.029868011,23.69230769,0.069828534,0.372876946,1.565525809,ON_20170920_MW1147-17_05_00_000.h5,TC,55406-53-6,True
20170920,MW1147-17,5,C5,IPBC,0.3,uM,0.481527309,0.745,0.065605569,35.52714286,0.366714286,57.00814286,12,7,1,11.0,0.1625,0.256457227,,,14.0,0.015635778,0.40717997,1.375016943,ON_20170920_MW1147-17_05_00_000.h5,TC,55406-53-6,True
20170920,MW1147-17,5,C6,IPBC,1.0,uM,1.614216051,5.31,0.09142535,45.8132,0.6468,11.684,6,5,2,6.0,0.289583333,0.231277533,152.4,0.097227182,10.5,0.005260925,0.874737812,1.466171118,ON_20170920_MW1147-17_05_00_000.h5,TC,55406-53-6,True
20170920,MW1147-17,5,C7,IPBC,3.0,uM,1.121501467,1.56,0.108547242,18.551,0.5655,22.204,10,4,0,,,0.0,,,,0.000450589,0.806833475,1.47558834,ON_20170920_MW1147-17_05_00_000.h5,TC,55406-53-6,True
20170920,MW1147-17,5,D1,Pyraclostrobin,0.0003,uM,0.737189314,1.610769231,0.057671823,56.85027273,0.558181818,53.06690909,13,11,13,12.69230769,0.224242216,4.434890825,67.75833333,0.038442345,30.15384615,0.079343529,0.531701633,1.361045601,ON_20170920_MW1147-17_05_00_000.h5,TC,175013-18-0,True
20170920,MW1147-17,5,D2,Pyraclostrobin,0.0,uM,0.498518097,1.056,0.041809662,38.879,0.372846154,58.04661538,15,13,15,14.06666667,0.231904762,6.554034372,61.71785714,0.051018051,30.0,0.079441053,0.355426874,0.944502303,ON_20170920_MW1147-17_05_00_000.h5,TC,175013-18-0,True
20170920,MW1147-17,5,D3,Pyraclostrobin,0.001,uM,0.687071896,1.467692308,0.055088868,48.136875,0.47925,43.2695,13,8,14,11.14285714,0.225625,3.948007775,66.75,0.03886419,23.21428571,0.049313758,0.356454917,1.5124158,ON_20170920_MW1147-17_05_00_000.h5,TC,175013-18-0,True
20170920,MW1147-17,5,D4,Pyraclostrobin,0.003,uM,0.759071313,1.388571429,0.043780041,34.73825,0.356833333,52.35216667,14,12,11,14.0,0.208860931,4.417341396,78.505,0.032319806,39.18181818,0.05774315,0.428557916,0.934496738,ON_20170920_MW1147-17_05_00_000.h5,TC,175013-18-0,True
20170920,MW1147-17,5,D5,Pyraclostrobin,0.01,uM,0.691433188,1.553333333,0.052416204,57.4152,0.4548,34.1608,9,5,9,8.333333333,0.241666667,1.878736123,98.3,0.074898658,12.22222222,0.030562541,0.733555547,1.913200988,ON_20170920_MW1147-17_05_00_000.h5,TC,175013-18-0,True
20170920,MW1147-17,5,D6,Pyraclostrobin,0.03,uM,0.95202638,1.907142857,0.062592485,39.25453846,0.484461538,42.94707692,14,13,17,11.58823529,0.285038515,3.307950545,51.421875,0.084865595,23.76470588,0.051389542,0.359011124,0.987916301,ON_20170920_MW1147-17_05_00_000.h5,TC,175013-18-0,True
20170920,MW1147-17,5,D7,Pyraclostrobin,0.1,uM,0.725621596,1.513333333,0.092108939,47.9934,0.7368,46.0218,9,5,7,10.0,0.154136905,1.471301536,79.14166667,0.018819481,13.0,0.021283978,0.51627264,1.429036606,ON_20170920_MW1147-17_05_00_000.h5,TC,175013-18-0,True
20170920,MW1147-17,5,D8,Pyraclostrobin,0.3,uM,0.371205817,0.0,,0.0,,,1,0,0,,,0.0,,,,0.0,0.139832717,0.556944548,ON_20170920_MW1147-17_05_00_000.h5,TC,175013-18-0,True
20170920,MW1147-17,5,E1,Azoxystrobin,0.003,uM,0.5910093,1.304,0.044061018,59.9977,0.4075,47.3016,15,10,15,12.73333333,0.24168254,4.592901879,60.77142857,0.050569237,24.93333333,0.082151662,0.31477294,1.108150839,ON_20170920_MW1147-17_05_00_000.h5,TC,131860-33-8,True
20170920,MW1147-17,5,E2,Azoxystrobin,0.0,uM,0.587426677,2.22,0.043172458,62.23372727,0.351545455,36.721,13,11,18,12.0,0.211478776,6.4089811,49.99411765,0.037835014,25.05555556,0.07390283,0.521816724,0.906617399,ON_20170920_MW1147-17_05_00_000.h5,TC,131860-33-8,True
20170920,MW1147-17,5,E3,Azoxystrobin,0.01,uM,0.824244813,1.668,0.040813053,39.47446154,0.390846154,50.20592308,15,13,14,14.42857143,0.184187925,5.385837895,65.18846154,0.033160428,43.57142857,0.074346271,0.366361895,0.837916606,ON_20170920_MW1147-17_05_00_000.h5,TC,131860-33-8,True
20170920,MW1147-17,5,E4,Azoxystrobin,0.03,uM,0.947514008,2.266153846,0.062961541,44.09045455,0.493363636,49.86054545,13,11,12,12.33333333,0.269709821,2.951051423,80.56363636,0.057723313,27.83333333,0.045804656,0.419084677,1.481899535,ON_20170920_MW1147-17_05_00_000.h5,TC,131860-33-8,True
20170920,MW1147-17,5,E5,Azoxystrobin,0.1,uM,0.935983726,1.74,0.05965666,44.7452,0.4226,40.1692,9,5,8,11.0,0.140083085,1.695340952,109.8785714,0.024355007,16.875,0.035252045,0.464003953,1.471464264,ON_20170920_MW1147-17_05_00_000.h5,TC,131860-33-8,True
20170920,MW1147-17,5,E6,Azoxystrobin,0.3,uM,0.480706058,1.338,0.062416961,51.92588889,0.526444444,58.32566667,10,9,10,9.2,0.2253125,3.718728871,87.72222222,0.035941811,16.5,0.036647315,0.591980705,0.88760706,ON_20170920_MW1147-17_05_00_000.h5,TC,131860-33-8,True
20170920,MW1147-17,5,E7,Azoxystrobin,1.0,uM,0.516058992,0.608571429,0.120540618,30.3695,0.5525,48.8405,7,2,0,,,0.0,,,,0.018449773,0.795082044,1.429645612,ON_20170920_MW1147-17_05_00_000.h5,TC,131860-33-8,True
20170920,MW1147-17,5,F1,Trifloxystrobin,0.001,uM,0.904882616,1.6575,0.039268848,41.95514286,0.434928571,54.82428571,16,14,11,15.63636364,0.185013528,5.460595976,75.895,0.026966156,65.63636364,0.090121699,0.394462793,1.033156853,ON_20170920_MW1147-17_05_00_000.h5,TC,141517-21-7,True
20170920,MW1147-17,5,F2,Trifloxystrobin,0.0,uM,0.509567192,0.891428571,0.033069669,54.56658333,0.345333333,60.24175,14,12,13,14.84615385,0.242427503,10.84833689,69.8,0.040465865,54.69230769,0.147147642,0.578959167,0.903513796,ON_20170920_MW1147-17_05_00_000.h5,TC,141517-21-7,True
20170920,MW1147-17,5,F3,Trifloxystrobin,0.003,uM,0.71350357,1.152,0.042934436,47.97754545,0.396363636,47.91981818,15,11,15,15.13333333,0.164440055,7.852123434,55.44642857,0.027656745,51.4,0.114774026,0.356091033,1.101851428,ON_20170920_MW1147-17_05_00_000.h5,TC,141517-21-7,True
20170920,MW1147-17,5,F4,Trifloxystrobin,0.01,uM,0.437635963,0.975,0.03968234,56.59666667,0.360666667,64.00791667,12,12,14,15.07142857,0.181404156,14.07025203,61.95384615,0.020369627,50.64285714,0.177727602,0.320436086,0.950305219,ON_20170920_MW1147-17_05_00_000.h5,TC,141517-21-7,True
20170920,MW1147-17,5,F5,Trifloxystrobin,0.03,uM,0.322826619,1.221818182,0.042713257,68.9012,0.374,54.673,11,10,13,14.30769231,0.151315074,12.56830601,64.6875,0.0197625,33.61538462,0.150213932,0.429405237,1.243165765,ON_20170920_MW1147-17_05_00_000.h5,TC,141517-21-7,True
20170920,MW1147-17,5,F6,Trifloxystrobin,0.1,uM,1.486714634,3.027272727,0.058500389,37.09318182,0.530636364,40.58163636,11,11,14,13.21428571,0.162011763,3.649973503,61.88846154,0.031087436,39.35714286,0.057862757,0.550285285,0.895764778,ON_20170920_MW1147-17_05_00_000.h5,TC,141517-21-7,True
20170920,MW1147-17,5,F7,Trifloxystrobin,0.3,uM,0.239805528,0.4575,0.024903749,60.16633333,0.172333333,84.60316667,8,6,12,12.33333333,0.11682705,18.33252072,76.49090909,0.011037313,31.33333333,0.136988374,0.712190111,1.082433824,ON_20170920_MW1147-17_05_00_000.h5,TC,141517-21-7,True
20170920,MW1147-17,5,F8,Trifloxystrobin,1.0,uM,0.152205335,0.18,,0.0,,,1,0,0,,,0.0,,,,0.024533832,1.120934048,1.119259908,ON_20170920_MW1147-17_05_00_000.h5,TC,141517-21-7,True
20170920,MW1147-17,5,C8,IPBC,10.0,uM,0.0,0.0,,0.0,,,0,0,0,,,0.0,,,,0.0,0.0,0.0,ON_20170920_MW1147-17_05_00_000.h5,TC,55406-53-6,True
20170920,MW1147-17,5,E8,Azoxystrobin,3.0,uM,0.0,0.0,,0.0,,,0,0,0,,,0.0,,,,0.0,0.0,0.0,ON_20170920_MW1147-17_05_00_000.h5,TC,131860-33-8,True
20170920,MW1147-17,7,A1,Picoxystrobin,0.0003,uM,2.669489708,5.18625,0.032585214,74.3978125,0.766625,14.344625,16,16,39,14.58974359,0.472712658,9.222470045,23.17763158,0.140069599,91.17948718,0.2149351,0.362373564,1.792697991,ON_20170920_MW1147-17_07_00_000.h5,TC,117428-22-5,True
20170920,MW1147-17,7,A2,Picoxystrobin,0.0,uM,2.264337631,3.72375,0.034335106,72.5005,0.7719375,16.6424375,16,16,40,15.7,0.447188312,7.374793616,21.41666667,0.102694078,60.3,0.24250299,0.248123634,2.127536796,ON_20170920_MW1147-17_07_00_000.h5,TC,117428-22-5,True
20170920,MW1147-17,7,A3,Picoxystrobin,0.001,uM,1.179870419,2.6325,0.042347275,60.62133333,0.498466667,29.153,16,15,39,13.74358974,0.302264449,9.007158784,22.35394737,0.069828671,39.35897436,0.131414555,0.387186482,0.872982869,ON_20170920_MW1147-17_07_00_000.h5,TC,117428-22-5,True
20170920,MW1147-17,7,A4,Picoxystrobin,0.003,uM,1.461926051,4.3875,0.034439929,71.44446667,0.432733333,20.28026667,16,15,33,15.27272727,0.276074134,10.79749953,25.80625,0.044841394,69.09090909,0.192863111,0.320384915,1.549907988,ON_20170920_MW1147-17_07_00_000.h5,TC,117428-22-5,True
20170920,MW1147-17,7,A5,Picoxystrobin,0.01,uM,1.389785165,3.3,0.026247547,84.6810625,0.5785625,22.6343125,16,16,31,15.25806452,0.338570148,12.33436286,26.60833333,0.084511841,79.87096774,0.311756634,0.401942264,1.518690521,ON_20170920_MW1147-17_07_00_000.h5,TC,117428-22-5,True
20170920,MW1147-17,7,A6,Picoxystrobin,0.03,uM,1.417270704,2.925,0.028452995,74.090375,0.5323125,22.7005625,16,16,32,15.375,0.320735057,13.41409799,25.08225806,0.035590857,85.8125,0.262374998,0.393946741,0.82711751,ON_20170920_MW1147-17_07_00_000.h5,TC,117428-22-5,True
20170920,MW1147-17,7,A7,Picoxystrobin,0.1,uM,1.613684997,3.09375,0.034688867,74.9296875,0.760375,22.0893125,16,16,34,15.44117647,0.376974206,10.73880213,26.59848485,0.111503532,73.61764706,0.239411756,0.395289239,2.32315009,ON_20170920_MW1147-17_07_00_000.h5,TC,117428-22-5,True
20170920,MW1147-17,7,A8,Picoxystrobin,0.3,uM,1.115899038,2.25375,0.026799275,73.0058125,0.443125,33.059,16,16,26,14.42307692,0.308399725,12.2657898,32.666,0.047962772,76.03846154,0.251246199,0.346991416,1.002313484,ON_20170920_MW1147-17_07_00_000.h5,TC,117428-22-5,True
20170920,MW1147-17,7,B1,Fluoxastrobin,0.001,uM,1.492873245,3.41625,0.031301123,68.64406667,0.463866667,20.49873333,16,15,37,14.45945946,0.334907497,9.353985995,22.92361111,0.052843039,54.51351351,0.180352201,0.340049754,1.710478851,ON_20170920_MW1147-17_07_00_000.h5,TC,361377-29-9,True
20170920,MW1147-17,7,B2,Fluoxastrobin,0.0,uM,1.232349105,2.71125,0.033951082,74.64975,0.5491875,21.6438125,16,16,36,15.72222222,0.304414933,14.74719101,23.46142857,0.04164401,72.91666667,0.259102801,0.329679011,1.430300192,ON_20170920_MW1147-17_07_00_000.h5,TC,361377-29-9,True
20170920,MW1147-17,7,B3,Fluoxastrobin,0.003,uM,1.498204193,3.0825,0.034843208,69.9985,0.5848125,21.7396875,16,16,30,15.9,0.361790675,11.01201479,29.29310345,0.062780371,79.43333333,0.218918955,0.402777721,1.898448675,ON_20170920_MW1147-17_07_00_000.h5,TC,361377-29-9,True
20170920,MW1147-17,7,B4,Fluoxastrobin,0.01,uM,1.69157223,2.8125,0.032244707,67.101875,0.652375,22.993625,16,16,35,15.42857143,0.341495181,10.01105063,26.17352941,0.062945361,69.88571429,0.218297822,0.330563154,2.065238547,ON_20170920_MW1147-17_07_00_000.h5,TC,361377-29-9,True
20170920,MW1147-17,7,B5,Fluoxastrobin,0.03,uM,1.322905995,2.88375,0.039512213,64.0106875,0.543,25.2069375,16,16,27,15.59259259,0.319294533,9.011932175,32.46730769,0.042721061,63.77777778,0.187561273,0.355913338,2.002145525,ON_20170920_MW1147-17_07_00_000.h5,TC,361377-29-9,True
20170920,MW1147-17,7,B6,Fluoxastrobin,0.1,uM,0.939216178,2.79375,0.030232752,80.7130625,0.4205,26.4613125,16,16,28,15.35714286,0.296941256,15.71575999,30.0462963,0.052286563,76.14285714,0.272487083,0.40987544,0.993276657,ON_20170920_MW1147-17_07_00_000.h5,TC,361377-29-9,True
20170920,MW1147-17,7,B7,Fluoxastrobin,0.3,uM,0.861744343,2.445,0.035064359,76.6442,0.487866667,28.03426667,16,15,32,14.5,0.258040365,14.48541817,28.13870968,0.024577089,56.34375,0.219431224,0.351177382,1.962728954,ON_20170920_MW1147-17_07_00_000.h5,TC,361377-29-9,True
20170920,MW1147-17,7,B8,Fluoxastrobin,1.0,uM,0.697426514,1.4,0.030380579,68.93666667,0.449933333,45.8456,15,15,17,15.82352941,0.288986928,11.88274848,50.853125,0.040694556,66.52941176,0.235316761,0.600125821,2.563367814,ON_20170920_MW1147-17_07_00_000.h5,TC,361377-29-9,True
20170920,MW1147-17,7,C1,IPBC,0.01,uM,1.380369464,3.09375,0.029175359,77.74125,0.4906875,22.9743125,16,16,38,15.5,0.317594246,13.35640486,23.79459459,0.035620974,70.07894737,0.276787935,0.472301463,1.822309356,ON_20170920_MW1147-17_07_00_000.h5,TC,55406-53-6,True
20170920,MW1147-17,7,C2,IPBC,0.0,uM,2.081562258,3.795,0.038634119,68.22073333,0.7488,16.2744,16,15,32,15.53125,0.433683036,9.050089802,26.05806452,0.089845536,85.03125,0.201613132,0.220647739,2.384096886,ON_20170920_MW1147-17_07_00_000.h5,TC,55406-53-6,True
20170920,MW1147-17,7,C3,IPBC,0.03,uM,1.720096265,3.4575,0.034945166,67.2328125,0.6005625,24.1550625,16,16,28,15.42857143,0.349326814,9.547192594,33.02037037,0.081807554,84.71428571,0.211030978,0.388630429,0.824600153,ON_20170920_MW1147-17_07_00_000.h5,TC,55406-53-6,True
20170920,MW1147-17,7,C4,IPBC,0.1,uM,1.339614248,2.708,0.036910448,69.44333333,0.606133333,30.3128,15,15,30,14.16666667,0.330932179,10.14660494,29.25344828,0.104785456,61.36666667,0.182768874,0.508837249,2.309168845,ON_20170920_MW1147-17_07_00_000.h5,TC,55406-53-6,True
20170920,MW1147-17,7,C5,IPBC,0.3,uM,0.593669181,1.832,0.038779072,71.74314286,0.386571429,35.12228571,15,14,26,13.15384615,0.259692079,14.1669768,34.358,0.056372199,43.92307692,0.173883943,0.523621245,2.368792362,ON_20170920_MW1147-17_07_00_000.h5,TC,55406-53-6,True
20170920,MW1147-17,7,C6,IPBC,1.0,uM,0.661156284,1.954285714,0.032261529,74.34508333,0.350583333,38.05391667,14,12,21,12.9047619,0.215488946,12.21681888,36.32,0.041827606,49.04761905,0.169854427,0.489390512,1.942497279,ON_20170920_MW1147-17_07_00_000.h5,TC,55406-53-6,True
20170920,MW1147-17,7,C7,IPBC,3.0,uM,1.936944212,5.648571429,0.065889669,63.30315385,0.752153846,16.23007692,14,13,34,10.0,0.287991947,2.810065663,26.03030303,0.073841093,20.26470588,0.040541218,0.487306851,1.897722406,ON_20170920_MW1147-17_07_00_000.h5,TC,55406-53-6,True
20170920,MW1147-17,7,D1,Pyraclostrobin,0.0003,uM,1.32906774,2.9925,0.025979475,80.5332,0.4446,20.9584,16,15,33,15.51515152,0.317458213,13.99176955,26.228125,0.058899344,81.39393939,0.283381138,0.417550106,2.007944819,ON_20170920_MW1147-17_07_00_000.h5,TC,175013-18-0,True
20170920,MW1147-17,7,D2,Pyraclostrobin,0.0,uM,1.25907308,2.20125,0.028127554,71.3759375,0.539625,24.5918125,16,16,29,15.96551724,0.350960405,9.936214671,28.32678571,0.049393625,62.31034483,0.272184321,0.400665281,1.76175594,ON_20170920_MW1147-17_07_00_000.h5,TC,175013-18-0,True
20170920,MW1147-17,7,D3,Pyraclostrobin,0.001,uM,1.458953643,2.576,0.038981472,64.98707143,0.656285714,28.19528571,15,14,32,13.5,0.307850632,9.378954295,26.01774194,0.052180895,57.90625,0.157733206,0.59456118,2.092042865,ON_20170920_MW1147-17_07_00_000.h5,TC,175013-18-0,True
20170920,MW1147-17,7,D4,Pyraclostrobin,0.003,uM,1.278250648,2.6025,0.027466741,67.0355625,0.483,26.065875,16,16,28,15.85714286,0.344904594,11.68824135,30.07592593,0.059483268,77.07142857,0.237494856,0.347991576,2.013471163,ON_20170920_MW1147-17_07_00_000.h5,TC,175013-18-0,True
20170920,MW1147-17,7,D5,Pyraclostrobin,0.01,uM,1.017528699,1.937142857,0.039050186,62.60708333,0.514916667,30.32091667,14,12,32,13.09375,0.294802517,9.951287404,26.65967742,0.058108671,40.21875,0.139388193,0.503683609,0.845279137,ON_20170920_MW1147-17_07_00_000.h5,TC,175013-18-0,True
20170920,MW1147-17,7,D6,Pyraclostrobin,0.03,uM,1.343398991,2.59875,0.031129362,73.883625,0.5098125,22.676875,16,16,35,15.65714286,0.353874433,10.97711812,24.85735294,0.058427918,60.85714286,0.251723685,0.335990199,2.014943913,ON_20170920_MW1147-17_07_00_000.h5,TC,175013-18-0,True
20170920,MW1147-17,7,D7,Pyraclostrobin,0.1,uM,0.727926,1.844,0.036189567,65.1396,0.4178,40.7146,15,15,22,15.27272727,0.224902146,15.47847131,38.01428571,0.037366901,69.77272727,0.211411469,0.46331475,1.94929193,ON_20170920_MW1147-17_07_00_000.h5,TC,175013-18-0,True
20170920,MW1147-17,7,D8,Pyraclostrobin,0.3,uM,0.629190375,0.6,0.060306,8.627,0.268,94.115,1,1,0,,,0.0,,,,-0.000141802,2.614930791,2.311722086,ON_20170920_MW1147-17_07_00_000.h5,TC,175013-18-0,True
20170920,MW1147-17,7,E1,Azoxystrobin,0.003,uM,1.957496551,4.51875,0.027505099,74.722625,0.4655625,16.439,16,16,47,14.93617021,0.351709726,10.22494164,18.49456522,0.093155797,61.5106383,0.246155548,0.24444692,2.041502904,ON_20170920_MW1147-17_07_00_000.h5,TC,131860-33-8,True
20170920,MW1147-17,7,E2,Azoxystrobin,0.0,uM,1.235326128,3.34125,0.026264903,78.1226875,0.423,25.6169375,16,16,37,14.89189189,0.309967021,13.4338396,22.99166667,0.081445427,64.78378378,0.256626805,0.322361797,0.904800027,ON_20170920_MW1147-17_07_00_000.h5,TC,131860-33-8,True
20170920,MW1147-17,7,E3,Azoxystrobin,0.01,uM,1.496057967,2.88375,0.023598301,81.508,0.5318125,23.603,16,16,29,15.93103448,0.356887844,12.66601879,29.83214286,0.058869021,94.37931034,0.327853134,0.600616259,2.811459684,ON_20170920_MW1147-17_07_00_000.h5,TC,131860-33-8,True
20170920,MW1147-17,7,E4,Azoxystrobin,0.03,uM,1.71393452,3.465,0.029671322,73.789125,0.510625,19.387625,16,16,35,15.91428571,0.34175,10.72063338,25.24558824,0.050923258,75.82857143,0.256655217,0.357796314,1.906688857,ON_20170920_MW1147-17_07_00_000.h5,TC,131860-33-8,True
20170920,MW1147-17,7,E5,Azoxystrobin,0.1,uM,1.175301034,3.01125,0.034735827,72.32246667,0.4472,22.95233333,16,15,38,14.23684211,0.299525637,10.95075401,22.74054054,0.075013087,48.92105263,0.186046778,0.307414095,1.921043759,ON_20170920_MW1147-17_07_00_000.h5,TC,131860-33-8,True
20170920,MW1147-17,7,E6,Azoxystrobin,0.3,uM,1.277064454,2.964,0.041709046,71.16171429,0.729071429,27.42821429,15,14,34,13.82352941,0.278172269,8.794375288,25.78636364,0.063059521,44.88235294,0.167741364,0.399297419,0.995421495,ON_20170920_MW1147-17_07_00_000.h5,TC,131860-33-8,True
20170920,MW1147-17,7,E7,Azoxystrobin,1.0,uM,0.80266082,2.248,0.033231391,74.10784615,0.400153846,26.59292308,15,13,30,14.26666667,0.245893849,13.24503311,29.0,0.038954967,48.0,0.168498628,0.695588918,1.110672431,ON_20170920_MW1147-17_07_00_000.h5,TC,131860-33-8,True
20170920,MW1147-17,7,F1,Trifloxystrobin,0.001,uM,2.300131142,3.375,0.02966918,72.3359375,0.7638125,18.5970625,16,16,37,15.24324324,0.46340797,8.346627336,23.56388889,0.121166256,74.94594595,0.267660434,0.282078707,2.03069925,ON_20170920_MW1147-17_07_00_000.h5,TC,141517-21-7,True
20170920,MW1147-17,7,F2,Trifloxystrobin,0.0,uM,1.880717048,4.04625,0.029174117,73.4766875,0.51825,18.2496875,16,16,36,15.30555556,0.379570131,9.022639426,24.58142857,0.074158168,68.08333333,0.257712593,0.33295215,1.782696173,ON_20170920_MW1147-17_07_00_000.h5,TC,141517-21-7,True
20170920,MW1147-17,7,F3,Trifloxystrobin,0.003,uM,1.750143429,3.4275,0.026450763,80.7478125,0.5573125,18.4466875,16,16,49,14.32653061,0.361038446,11.1950631,18.20625,0.117300758,57.75510204,0.331421471,0.286068152,1.566396528,ON_20170920_MW1147-17_07_00_000.h5,TC,141517-21-7,True
20170920,MW1147-17,7,F4,Trifloxystrobin,0.01,uM,1.446971702,2.5575,0.026353401,85.142625,0.6721875,23.617875,16,16,32,15.34375,0.420195397,14.30143541,26.68548387,0.155118168,93.40625,0.342130313,0.283187486,2.229137024,ON_20170920_MW1147-17_07_00_000.h5,TC,141517-21-7,True
20170920,MW1147-17,7,F5,Trifloxystrobin,0.03,uM,1.241903273,2.52,0.023163634,85.691375,0.5038125,24.406125,16,16,33,15.84848485,0.391363535,11.21083733,27.3734375,0.107990871,60.93939394,0.362090372,0.543330777,1.661902313,ON_20170920_MW1147-17_07_00_000.h5,TC,141517-21-7,True
20170920,MW1147-17,7,F6,Trifloxystrobin,0.1,uM,1.804196014,3.528,0.033735273,72.38513333,0.675466667,21.14493333,15,15,32,14.6875,0.394760975,9.897345712,27.52258065,0.132935137,75.625,0.21509564,0.199724186,1.415345755,ON_20170920_MW1147-17_07_00_000.h5,TC,141517-21-7,True
20170920,MW1147-17,7,F7,Trifloxystrobin,0.3,uM,0.991348699,1.995,0.030602884,74.66275,0.458875,33.8475,16,16,26,15.69230769,0.2866163,13.56239961,32.754,0.033772977,74.69230769,0.268916988,0.386447124,1.864300913,ON_20170920_MW1147-17_07_00_000.h5,TC,141517-21-7,True
20170920,MW1147-17,7,F8,Trifloxystrobin,1.0,uM,0.671284097,1.2,0.029320071,44.2554,0.2204,38.6968,7,5,26,8.153846154,0.152644231,11.97632058,33.742,0.038774803,20.23076923,0.093650991,0.448042454,2.143517351,ON_20170920_MW1147-17_07_00_000.h5,TC,141517-21-7,True
20170920,MW1147-17,7,C8,IPBC,10.0,uM,0.0,0.0,,0.0,,,0,0,0,,,0.0,,,,0.0,0.0,0.0,ON_20170920_MW1147-17_07_00_000.h5,TC,55406-53-6,True
20170920,MW1147-17,7,E8,Azoxystrobin,3.0,uM,0.0,0.0,,0.0,,,0,0,0,,,0.0,,,,0.0,0.0,0.0,ON_20170920_MW1147-17_07_00_000.h5,TC,131860-33-8,True
20170920,MW1147-18,5,A1,Picoxystrobin,0.0003,uM,0.874099326,2.164285714,0.042559797,63.16076923,0.441923077,40.45738462,14,13,19,13.21052632,0.268901942,7.837813377,46.94722222,0.079685429,45.57894737,0.120981471,0.50954291,1.734038439,ON_20170920_MW1147-18_05_00_000.h5,TC,117428-22-5,True
20170920,MW1147-18,5,A2,Picoxystrobin,0.0,uM,1.099790853,2.39,0.053180963,47.5124,0.5322,42.545,12,10,13,11.46153846,0.282916667,3.560086913,69.25416667,0.097908244,32.76923077,0.060595832,0.321902816,1.338292922,ON_20170920_MW1147-18_05_00_000.h5,TC,117428-22-5,True
20170920,MW1147-18,5,A3,Picoxystrobin,0.001,uM,0.950343467,1.96,0.051302542,44.37875,0.423333333,51.07691667,15,12,17,12.94117647,0.222372199,3.701979045,53.521875,0.075700989,28.05882353,0.045981047,0.286659846,2.233092291,ON_20170920_MW1147-18_05_00_000.h5,TC,117428-22-5,True
20170920,MW1147-18,5,A4,Picoxystrobin,0.003,uM,0.607801598,1.393846154,0.047900382,48.95936364,0.383363636,37.91863636,13,11,16,12.75,0.212074653,7.362895428,55.11666667,0.027177194,33.3125,0.079702866,0.320803913,1.00438054,ON_20170920_MW1147-18_05_00_000.h5,TC,117428-22-5,True
20170920,MW1147-18,5,A5,Picoxystrobin,0.01,uM,0.935709154,2.12,0.05049199,54.69230769,0.504,41.33076923,15,13,17,13.70588235,0.244705882,4.701898086,52.31875,0.056752594,35.11764706,0.075338741,0.457233066,2.481179141,ON_20170920_MW1147-18_05_00_000.h5,TC,117428-22-5,True
20170920,MW1147-18,5,A6,Picoxystrobin,0.03,uM,1.076065527,2.724,0.053012652,51.85271429,0.476571429,42.60457143,15,14,13,15.46153846,0.21666514,5.121884415,65.13333333,0.021458093,57.53846154,0.100073112,0.32407831,2.425061474,ON_20170920_MW1147-18_05_00_000.h5,TC,117428-22-5,True
20170920,MW1147-18,5,A7,Picoxystrobin,0.1,uM,0.61042827,1.436,0.049544374,56.38484615,0.457615385,51.04961538,15,13,13,13.92307692,0.207698413,7.640476477,68.27916667,0.033976629,48.84615385,0.097542421,0.270539581,2.222630078,ON_20170920_MW1147-18_05_00_000.h5,TC,117428-22-5,True
20170920,MW1147-18,5,A8,Picoxystrobin,0.3,uM,0.706216506,1.855714286,0.049756282,49.59890909,0.415181818,44.383,14,11,17,11.82352941,0.196757703,6.25488663,54.16875,0.035299703,32.94117647,0.057612475,0.519330394,1.741255008,ON_20170920_MW1147-18_05_00_000.h5,TC,117428-22-5,True
20170920,MW1147-18,5,B1,Fluoxastrobin,0.001,uM,1.1166766,1.984615385,0.064509467,38.7803,0.5371,48.958,13,10,17,10.82352941,0.25822479,2.954699631,54.628125,0.046474986,23.05882353,0.036087353,0.306571237,1.050089072,ON_20170920_MW1147-18_05_00_000.h5,TC,361377-29-9,True
20170920,MW1147-18,5,B2,Fluoxastrobin,0.0,uM,0.911239441,1.971428571,0.044290403,47.50261538,0.452846154,58.18,14,13,11,14.63636364,0.265164141,4.949041285,77.07,0.029257321,52.09090909,0.094854246,0.439779444,1.114605338,ON_20170920_MW1147-18_05_00_000.h5,TC,361377-29-9,True
20170920,MW1147-18,5,B3,Fluoxastrobin,0.003,uM,0.869031165,1.688571429,0.052843038,55.74992857,0.654357143,48.95057143,14,14,14,14.21428571,0.261989796,4.646519648,63.10384615,0.035228441,36.57142857,0.100783878,0.358693763,1.029680582,ON_20170920_MW1147-18_05_00_000.h5,TC,361377-29-9,True
20170920,MW1147-18,5,B4,Fluoxastrobin,0.01,uM,1.211290387,2.614285714,0.052827361,40.84341667,0.4675,46.57883333,14,12,13,13.61538462,0.240464744,2.644028255,70.03333333,0.032957314,31.38461538,0.051507455,0.28743585,2.509099312,ON_20170920_MW1147-18_05_00_000.h5,TC,361377-29-9,True
20170920,MW1147-18,5,B5,Fluoxastrobin,0.03,uM,1.008880722,1.78,0.049780067,45.56321429,0.606071429,41.17771429,15,14,12,14.83333333,0.26859623,4.153564899,73.86818182,0.028716919,47.33333333,0.077170899,0.35716702,0.849173673,ON_20170920_MW1147-18_05_00_000.h5,TC,361377-29-9,True
20170920,MW1147-18,5,B6,Fluoxastrobin,0.1,uM,0.924622552,1.67,0.043598727,47.26481818,0.600636364,56.17763636,12,11,11,14.63636364,0.259123377,5.844155844,79.27,0.04285277,54.0,0.109221812,0.513270336,2.54229915,ON_20170920_MW1147-18_05_00_000.h5,TC,361377-29-9,True
20170920,MW1147-18,5,B7,Fluoxastrobin,0.3,uM,0.512847701,1.3,0.052103496,51.4018,0.3876,62.0463,12,10,11,10.45454545,0.231493506,3.667919127,73.62,0.055558202,18.63636364,0.056911589,0.591885153,2.061014433,ON_20170920_MW1147-18_05_00_000.h5,TC,361377-29-9,True
20170920,MW1147-18,5,B8,Fluoxastrobin,1.0,uM,0.411756374,1.032,0.061604257,57.812,0.433333333,44.824,5,3,0,,,0.0,,,,0.013629363,0.919622228,1.907978283,ON_20170920_MW1147-18_05_00_000.h5,TC,361377-29-9,True
20170920,MW1147-18,5,C1,IPBC,0.01,uM,1.377382295,4.195384615,0.0587935,55.94438462,0.580538462,28.59492308,13,13,12,13.41666667,0.301899802,4.092307692,66.55909091,0.034651405,55.41666667,0.068185536,0.312940244,2.10845248,ON_20170920_MW1147-18_05_00_000.h5,TC,55406-53-6,True
20170920,MW1147-18,5,C2,IPBC,0.0,uM,0.852730207,1.92,0.055644026,44.87218182,0.493545455,54.77390909,13,11,11,13.54545455,0.235269661,3.46187987,84.225,0.032351136,31.90909091,0.064786362,0.324017387,1.850645844,ON_20170920_MW1147-18_05_00_000.h5,TC,55406-53-6,True
20170920,MW1147-18,5,C3,IPBC,0.03,uM,0.708364535,1.575,0.045002369,43.88826667,0.344466667,47.2078,16,15,17,14.76470588,0.227298669,6.661449672,54.021875,0.04707039,40.05882353,0.083473026,0.266225041,2.365015273,ON_20170920_MW1147-18_05_00_000.h5,TC,55406-53-6,True
20170920,MW1147-18,5,C4,IPBC,0.1,uM,0.728278842,1.242,0.048729093,46.20266667,0.4595,44.49266667,10,6,14,9.928571429,0.203941327,4.271095951,61.6,0.041159506,20.57142857,0.038729416,0.60532019,1.371443236,ON_20170920_MW1147-18_05_00_000.h5,TC,55406-53-6,True
20170920,MW1147-18,5,C5,IPBC,0.3,uM,1.377731949,3.324,0.064692388,43.59342857,0.582571429,36.51385714,10,7,14,9.428571429,0.252470238,2.220262905,65.91538462,0.079508786,19.78571429,0.032490179,0.921778896,2.461916567,ON_20170920_MW1147-18_05_00_000.h5,TC,55406-53-6,True
20170920,MW1147-18,5,C6,IPBC,1.0,uM,0.552556211,1.086,0.055722771,53.51625,0.43825,47.820125,10,8,18,9.444444444,0.262997685,6.133333333,51.49411765,0.080477891,17.88888889,0.055669062,0.43788172,1.653566064,ON_20170920_MW1147-18_05_00_000.h5,TC,55406-53-6,True
20170920,MW1147-18,5,C7,IPBC,3.0,uM,0.553886603,0.984,0.095829944,20.17533333,0.427,51.89133333,5,3,0,,,0.0,,,,0.002765245,0.51931437,0.981145154,ON_20170920_MW1147-18_05_00_000.h5,TC,55406-53-6,True
20170920,MW1147-18,5,D1,Pyraclostrobin,0.0003,uM,0.830045315,1.532307692,0.074515196,36.06466667,0.54225,45.13025,13,12,6,11.5,0.283799603,1.024964481,115.5,0.078015152,16.83333333,0.022671932,0.320423525,1.001059075,ON_20170920_MW1147-18_05_00_000.h5,TC,175013-18-0,True
20170920,MW1147-18,5,D2,Pyraclostrobin,0.0,uM,1.147463239,2.576,0.059617666,40.00841667,0.50175,32.74708333,15,12,15,13.86666667,0.219789683,3.811601643,60.82142857,0.047063115,39.6,0.052451847,0.345129854,2.261765369,ON_20170920_MW1147-18_05_00_000.h5,TC,175013-18-0,True
20170920,MW1147-18,5,D3,Pyraclostrobin,0.001,uM,1.121537648,1.804615385,0.058539519,64.3994,1.8485,44.2294,13,10,12,10.58333333,0.236731151,1.524575243,69.96363636,0.047852609,16.75,0.044749836,0.433630141,1.545468286,ON_20170920_MW1147-18_05_00_000.h5,TC,175013-18-0,True
20170920,MW1147-18,5,D4,Pyraclostrobin,0.003,uM,0.946056648,2.795,0.056582941,55.88375,0.548,25.118875,12,8,15,13.2,0.194109127,4.057831325,57.41071429,0.027210017,28.06666667,0.072907301,0.341595023,2.141719464,ON_20170920_MW1147-18_05_00_000.h5,TC,175013-18-0,True
20170920,MW1147-18,5,D5,Pyraclostrobin,0.01,uM,1.061290111,3.027272727,0.045155291,61.9409,0.4804,37.1815,11,10,18,10.77777778,0.288151455,4.576271186,49.28529412,0.040347828,27.0,0.066675086,0.50270301,2.015576049,ON_20170920_MW1147-18_05_00_000.h5,TC,175013-18-0,True
20170920,MW1147-18,5,D6,Pyraclostrobin,0.03,uM,0.412914308,0.873333333,0.04424045,46.2605,0.378833333,61.46766667,9,6,12,9.166666667,0.230491071,5.753739931,74.20909091,0.068188651,16.66666667,0.039674538,0.831314501,1.100240217,ON_20170920_MW1147-18_05_00_000.h5,TC,175013-18-0,True
20170920,MW1147-18,5,D7,Pyraclostrobin,0.1,uM,0.226958568,0.565714286,0.074103757,40.475,0.424,36.917,7,2,0,,,0.0,,,,0.008600315,1.139831346,1.816686938,ON_20170920_MW1147-18_05_00_000.h5,TC,175013-18-0,True
20170920,MW1147-18,5,E1,Azoxystrobin,0.003,uM,0.896462585,1.956,0.063899374,43.20121429,0.544428571,41.88292857,15,14,14,13.28571429,0.232276786,5.156674069,63.36538462,0.039034528,44.78571429,0.057558439,0.341947946,2.094580715,ON_20170920_MW1147-18_05_00_000.h5,TC,131860-33-8,True
20170920,MW1147-18,5,E2,Azoxystrobin,0.0,uM,0.709225726,1.975714286,0.049776088,57.46916667,0.38675,51.819,14,12,10,14.4,0.225735119,4.050155348,84.58888889,0.029105993,36.5,0.085527693,0.492848328,2.158554632,ON_20170920_MW1147-18_05_00_000.h5,TC,131860-33-8,True
20170920,MW1147-18,5,E3,Azoxystrobin,0.01,uM,0.873970642,1.5525,0.066622545,44.74621429,0.515357143,51.35028571,16,14,10,13.4,0.251779762,2.402283358,89.00555556,0.046814016,30.3,0.051720002,0.404961332,2.277850443,ON_20170920_MW1147-18_05_00_000.h5,TC,131860-33-8,True
20170920,MW1147-18,5,E4,Azoxystrobin,0.03,uM,1.137300521,3.015,0.050787718,62.01375,0.606625,42.659,12,8,10,13.4,0.202517857,3.535556448,89.15,0.02764428,44.0,0.069652004,0.484724755,1.561861362,ON_20170920_MW1147-18_05_00_000.h5,TC,131860-33-8,True
20170920,MW1147-18,5,E5,Azoxystrobin,0.1,uM,0.73860522,0.84,0.047735766,44.687,0.685285714,43.67442857,14,7,10,10.1,0.3525,2.460063898,88.42222222,0.095418789,23.1,0.027959602,0.345791077,1.702882573,ON_20170920_MW1147-18_05_00_000.h5,TC,131860-33-8,True
20170920,MW1147-18,5,E6,Azoxystrobin,0.3,uM,0.977521479,2.742857143,0.055908953,52.10569231,0.539230769,50.82784615,14,13,10,14.3,0.219771825,3.524016413,86.65,0.031085201,43.8,0.068291089,0.364892134,1.02027827,ON_20170920_MW1147-18_05_00_000.h5,TC,131860-33-8,True
20170920,MW1147-18,5,E7,Azoxystrobin,1.0,uM,1.042209818,2.2425,0.050887089,43.195,0.4065625,42.9953125,16,16,15,13.6,0.225384921,3.543647364,60.38571429,0.032048282,35.53333333,0.048590825,0.280978912,1.543096589,ON_20170920_MW1147-18_05_00_000.h5,TC,131860-33-8,True
20170920,MW1147-18,5,F1,Trifloxystrobin,0.001,uM,0.815752127,1.952,0.043955728,54.499,0.419285714,49.32707143,15,14,14,15.35714286,0.217093963,6.801189082,62.07307692,0.030863822,53.92857143,0.111598425,0.355586092,1.261165702,ON_20170920_MW1147-18_05_00_000.h5,TC,141517-21-7,True
20170920,MW1147-18,5,F2,Trifloxystrobin,0.0,uM,1.7581271,2.8275,0.062093579,51.00807143,0.630928571,28.85285714,16,14,20,15.65,0.219886905,3.47613605,44.77894737,0.030245309,44.1,0.089702865,0.286991267,1.589034492,ON_20170920_MW1147-18_05_00_000.h5,TC,141517-21-7,True
20170920,MW1147-18,5,F3,Trifloxystrobin,0.003,uM,0.939351894,2.19,0.053143328,59.456,0.527769231,45.07015385,14,13,14,14.64285714,0.246617772,5.5667001,61.12307692,0.037294362,47.57142857,0.097460758,0.391865475,2.357463325,ON_20170920_MW1147-18_05_00_000.h5,TC,141517-21-7,True
20170920,MW1147-18,5,F4,Trifloxystrobin,0.01,uM,1.270967978,2.556,0.047524749,53.12371429,0.513214286,43.63928571,15,14,16,15.0,0.28578311,6.036334088,56.83333333,0.031504869,65.0,0.116926543,0.293338446,1.346455901,ON_20170920_MW1147-18_05_00_000.h5,TC,141517-21-7,True
20170920,MW1147-18,5,F5,Trifloxystrobin,0.03,uM,0.875841506,1.723636364,0.054360335,35.78588889,0.490777778,45.74066667,11,9,15,11.0,0.204305556,4.25313569,58.61785714,0.041815409,24.86666667,0.038750758,0.711919115,2.145026712,ON_20170920_MW1147-18_05_00_000.h5,TC,141517-21-7,True
20170920,MW1147-18,5,F6,Trifloxystrobin,0.1,uM,0.811027529,2.086153846,0.048265047,56.93741667,0.4065,53.74341667,13,12,15,13.73333333,0.180343915,5.920232655,61.34642857,0.044910192,38.0,0.114949138,0.361063981,1.374677473,ON_20170920_MW1147-18_05_00_000.h5,TC,141517-21-7,True
20170920,MW1147-18,5,F7,Trifloxystrobin,0.3,uM,0.962871327,1.272857143,0.050932782,40.35138462,0.495615385,57.33361538,14,13,12,14.33333333,0.215183532,4.617392723,73.46818182,0.023435883,47.16666667,0.070644342,0.322939628,2.136089599,ON_20170920_MW1147-18_05_00_000.h5,TC,141517-21-7,True
20170920,MW1147-18,5,F8,Trifloxystrobin,1.0,uM,0.749454251,2.61,0.06224522,44.8535,0.3545,30.3365,2,2,0,,,0.0,,,,0.008262569,1.00503372,1.452983732,ON_20170920_MW1147-18_05_00_000.h5,TC,141517-21-7,True
20170920,MW1147-18,5,C8,IPBC,10.0,uM,0.0,0.0,,0.0,,,0,0,0,,,0.0,,,,0.0,0.0,0.0,ON_20170920_MW1147-18_05_00_000.h5,TC,55406-53-6,True
20170920,MW1147-18,5,D8,Pyraclostrobin,0.3,uM,0.0,0.0,,0.0,,,0,0,0,,,0.0,,,,0.0,0.0,0.0,ON_20170920_MW1147-18_05_00_000.h5,TC,175013-18-0,True
20170920,MW1147-18,5,E8,Azoxystrobin,3.0,uM,0.0,0.0,,0.0,,,0,0,0,,,0.0,,,,0.0,0.0,0.0,ON_20170920_MW1147-18_05_00_000.h5,TC,131860-33-8,True
20170920,MW1147-18,7,A1,Picoxystrobin,0.0003,uM,2.01981976,3.79125,0.028443414,77.5756875,0.5713125,19.26825,16,16,32,15.875,0.414006922,8.806174957,27.90322581,0.118720767,80.21875,0.280009083,0.300594568,1.82944961,ON_20170920_MW1147-18_07_00_000.h5,TC,117428-22-5,True
20170920,MW1147-18,7,A2,Picoxystrobin,0.0,uM,1.475537809,2.572,0.03344622,73.62878571,0.661428571,22.386,15,14,34,14.32352941,0.347757061,10.16347548,23.86666667,0.066674519,59.79411765,0.217861561,0.39402489,1.391777224,ON_20170920_MW1147-18_07_00_000.h5,TC,117428-22-5,True
20170920,MW1147-18,7,A3,Picoxystrobin,0.001,uM,1.932444367,4.55625,0.035942153,75.974875,0.6079375,18.7430625,16,16,35,15.28571429,0.315829932,9.042991861,24.31617647,0.063391921,72.05714286,0.190518119,0.404704299,2.456613729,ON_20170920_MW1147-18_07_00_000.h5,TC,117428-22-5,True
20170920,MW1147-18,7,A4,Picoxystrobin,0.003,uM,1.517186054,2.95125,0.033488124,67.580625,0.5596875,23.7504375,16,16,38,14.89473684,0.329423559,9.421812203,22.08513514,0.07112633,54.28947368,0.210097381,0.407329089,1.147681824,ON_20170920_MW1147-18_07_00_000.h5,TC,117428-22-5,True
20170920,MW1147-18,7,A5,Picoxystrobin,0.01,uM,1.875764691,3.41625,0.031086506,78.7538125,0.6926875,19.3175625,16,16,37,15.72972973,0.39014586,10.33208969,23.53055556,0.077133428,75.59459459,0.281583005,0.548303061,2.462160041,ON_20170920_MW1147-18_07_00_000.h5,TC,117428-22-5,True
20170920,MW1147-18,7,A6,Picoxystrobin,0.03,uM,2.320748653,4.77,0.044196091,75.6841875,0.9361875,16.8063125,16,16,33,14.96969697,0.4315964,8.174842504,25.8640625,0.112366543,82.96969697,0.21052441,0.249289654,2.06553717,ON_20170920_MW1147-18_07_00_000.h5,TC,117428-22-5,True
20170920,MW1147-18,7,A7,Picoxystrobin,0.1,uM,1.363638178,2.7375,0.027877859,76.1205,0.567125,23.492125,16,16,29,15.55172414,0.333838508,13.22154472,28.39821429,0.05626381,89.72413793,0.27394876,0.435950661,2.711460741,ON_20170920_MW1147-18_07_00_000.h5,TC,117428-22-5,True
20170920,MW1147-18,7,A8,Picoxystrobin,0.3,uM,1.507445781,3.18,0.029415691,85.04,0.6185,20.3465,14,14,29,14.34482759,0.395248016,11.43395634,27.97857143,0.107192406,75.31034483,0.246989248,0.46282635,2.173182029,ON_20170920_MW1147-18_07_00_000.h5,TC,117428-22-5,True
20170920,MW1147-18,7,B1,Fluoxastrobin,0.001,uM,1.620914019,2.92125,0.036939771,72.0813125,0.7188125,24.29675,16,16,27,15.74074074,0.36634296,9.199333134,30.99423077,0.081300858,79.7037037,0.241206156,0.33354741,2.179350461,ON_20170920_MW1147-18_07_00_000.h5,TC,361377-29-9,True
20170920,MW1147-18,7,B2,Fluoxastrobin,0.0,uM,1.584190023,3.6375,0.030929498,71.5193125,0.508875,24.47575,16,16,32,15.71875,0.347849702,9.609412588,28.53225806,0.048069663,68.65625,0.237713859,0.359425675,0.74703914,ON_20170920_MW1147-18_07_00_000.h5,TC,361377-29-9,True
20170920,MW1147-18,7,B3,Fluoxastrobin,0.003,uM,1.917477606,3.6225,0.037920632,70.21633333,0.686133333,21.09653333,16,15,30,15.7,0.354395833,8.763054241,28.30172414,0.041861053,80.83333333,0.209505143,0.427037707,0.904301903,ON_20170920_MW1147-18_07_00_000.h5,TC,361377-29-9,True
20170920,MW1147-18,7,B4,Fluoxastrobin,0.01,uM,1.55896826,3.75375,0.037730613,75.47675,0.6000625,19.17475,16,16,35,15.91428571,0.293921965,10.23156585,25.02352941,0.02921902,65.77142857,0.24166545,0.469731662,2.029474762,ON_20170920_MW1147-18_07_00_000.h5,TC,361377-29-9,True
20170920,MW1147-18,7,B5,Fluoxastrobin,0.03,uM,1.750418072,3.72375,0.036236961,73.6599375,0.7585,21.500875,16,16,26,16.0,0.365984432,8.451429024,33.026,0.034726504,82.11538462,0.231253592,0.411076572,0.876120646,ON_20170920_MW1147-18_07_00_000.h5,TC,361377-29-9,True
20170920,MW1147-18,7,B6,Fluoxastrobin,0.1,uM,1.531459909,3.00375,0.033317256,70.416,0.6159375,22.8011875,16,16,36,15.77777778,0.343391479,11.05329834,24.47857143,0.048108294,67.86111111,0.237399711,0.351780074,2.378272546,ON_20170920_MW1147-18_07_00_000.h5,TC,361377-29-9,True
20170920,MW1147-18,7,B7,Fluoxastrobin,0.3,uM,0.942795046,3.028,0.03443863,79.57471429,0.452428571,25.4615,15,14,28,14.89285714,0.294787769,12.68785222,28.72962963,0.029674651,57.89285714,0.213518476,0.749889417,2.579451275,ON_20170920_MW1147-18_07_00_000.h5,TC,361377-29-9,True
20170920,MW1147-18,7,B8,Fluoxastrobin,1.0,uM,0.488439041,1.135714286,0.033288818,74.25227273,0.389636364,40.998,14,11,19,13.42105263,0.190356621,15.33397559,39.33333333,0.029719496,50.26315789,0.179670306,0.590701994,2.665252575,ON_20170920_MW1147-18_07_00_000.h5,TC,361377-29-9,True
20170920,MW1147-18,7,C1,IPBC,0.01,uM,2.000626276,4.1625,0.036722596,79.221875,0.7790625,18.4526875,16,16,36,14.63888889,0.380153018,7.86547986,21.79428571,0.074258359,63.08333333,0.238303043,0.555904402,2.856984885,ON_20170920_MW1147-18_07_00_000.h5,TC,55406-53-6,True
20170920,MW1147-18,7,C2,IPBC,0.0,uM,2.261574517,4.55625,0.044283937,65.0925,0.7880625,17.332875,16,16,29,15.96551724,0.419094828,5.802873863,28.3625,0.066550545,65.31034483,0.177725677,0.343508474,2.149994635,ON_20170920_MW1147-18_07_00_000.h5,TC,55406-53-6,True
20170920,MW1147-18,7,C3,IPBC,0.03,uM,1.259148017,2.715,0.033261317,68.4805625,0.5143125,31.2220625,16,16,31,14.93548387,0.324448285,11.5122166,27.665,0.038928985,67.48387097,0.210257342,0.44238568,2.121591648,ON_20170920_MW1147-18_07_00_000.h5,TC,55406-53-6,True
20170920,MW1147-18,7,C4,IPBC,0.1,uM,1.416262047,2.692,0.040117072,69.71915385,0.645153846,20.57815385,15,13,35,14.31428571,0.293501134,10.45840054,24.97205882,0.046912572,57.42857143,0.176868292,0.575428843,1.760684608,ON_20170920_MW1147-18_07_00_000.h5,TC,55406-53-6,True
20170920,MW1147-18,7,C5,IPBC,0.3,uM,1.266332914,3.087692308,0.033363942,65.75430769,0.526,24.36630769,13,13,32,13.5625,0.280608259,10.78680203,25.60483871,0.056919321,50.46875,0.166465107,0.480683873,2.041584019,ON_20170920_MW1147-18_07_00_000.h5,TC,55406-53-6,True
20170920,MW1147-18,7,C6,IPBC,1.0,uM,0.739399542,1.7625,0.031235855,71.82706667,0.505333333,40.97253333,16,15,21,14.71428571,0.272126495,12.06072533,43.8,0.030624182,61.28571429,0.224254734,0.446514282,1.835928231,ON_20170920_MW1147-18_07_00_000.h5,TC,55406-53-6,True
20170920,MW1147-18,7,C7,IPBC,3.0,uM,0.986512768,2.145,0.047381588,51.4979,0.4952,37.4536,12,10,30,9.266666667,0.278117063,6.672219138,28.10517241,0.05994817,24.03333333,0.050300208,0.649869189,1.086543802,ON_20170920_MW1147-18_07_00_000.h5,TC,55406-53-6,True
20170920,MW1147-18,7,D1,Pyraclostrobin,0.0003,uM,1.679325959,3.3525,0.034728487,81.0176875,0.80025,19.733125,16,16,36,15.5,0.385774937,12.48968477,24.34285714,0.091013085,84.08333333,0.271059022,0.422136491,1.146633661,ON_20170920_MW1147-18_07_00_000.h5,TC,175013-18-0,True
20170920,MW1147-18,7,D2,Pyraclostrobin,0.0,uM,1.675099235,3.16125,0.028274922,75.7354375,0.55625,21.152,16,16,36,15.88888889,0.353204365,11.66907963,24.81142857,0.04622491,78.36111111,0.274692377,0.40264794,1.82633603,ON_20170920_MW1147-18_07_00_000.h5,TC,175013-18-0,True
20170920,MW1147-18,7,D3,Pyraclostrobin,0.001,uM,0.953200508,2.85,0.030320371,70.08864286,0.405071429,29.34614286,14,14,27,13.51851852,0.2778847,11.47078353,30.17692308,0.048942724,51.18518519,0.205111314,0.568631278,2.181011601,ON_20170920_MW1147-18_07_00_000.h5,TC,175013-18-0,True
20170920,MW1147-18,7,D4,Pyraclostrobin,0.003,uM,1.326757124,2.552,0.029761708,72.2226,0.586733333,26.78406667,15,15,28,15.35714286,0.358939555,9.262454773,32.16666667,0.047194273,59.42857143,0.228593017,0.402603637,2.285861659,ON_20170920_MW1147-18_07_00_000.h5,TC,175013-18-0,True
20170920,MW1147-18,7,D5,Pyraclostrobin,0.01,uM,1.368765679,3.15,0.029856892,71.2091875,0.4443125,21.9649375,16,16,41,15.41463415,0.270689847,11.63308697,20.35375,0.044051654,56.04878049,0.23173344,0.442917996,2.502869422,ON_20170920_MW1147-18_07_00_000.h5,TC,175013-18-0,True
20170920,MW1147-18,7,D6,Pyraclostrobin,0.03,uM,1.079586485,2.327142857,0.041519384,67.74042857,0.533714286,32.01735714,14,14,30,14.03333333,0.245149802,9.691245914,28.4637931,0.040352104,44.46666667,0.185440357,0.465209457,1.489694405,ON_20170920_MW1147-18_07_00_000.h5,TC,175013-18-0,True
20170920,MW1147-18,7,D7,Pyraclostrobin,0.1,uM,1.134403692,2.164615385,0.035048172,63.96183333,0.467583333,26.45291667,13,12,29,12.75862069,0.268706897,10.86142322,29.59107143,0.069751641,50.0,0.142928543,0.500394644,2.070948474,ON_20170920_MW1147-18_07_00_000.h5,TC,175013-18-0,True
20170920,MW1147-18,7,D8,Pyraclostrobin,0.3,uM,0.266630066,0.24,,0.0,,,2,0,0,,,0.0,,,,-0.000154376,1.530594993,1.436117305,ON_20170920_MW1147-18_07_00_000.h5,TC,175013-18-0,True
20170920,MW1147-18,7,E1,Azoxystrobin,0.003,uM,1.576983805,2.4225,0.027512649,74.9118125,0.7225625,23.5366875,16,16,29,15.89655172,0.411356484,11.58662507,28.41428571,0.106499349,90.93103448,0.280194334,0.456292596,1.832938298,ON_20170920_MW1147-18_07_00_000.h5,TC,131860-33-8,True
20170920,MW1147-18,7,E2,Azoxystrobin,0.0,uM,1.124724334,2.98875,0.02904032,75.3885625,0.4888125,26.02225,16,16,28,15.92857143,0.295341618,13.43026121,30.16851852,0.031360839,77.85714286,0.26166921,0.357149274,2.007027864,ON_20170920_MW1147-18_07_00_000.h5,TC,131860-33-8,True
20170920,MW1147-18,7,E3,Azoxystrobin,0.01,uM,1.732402526,3.945,0.031820861,76.6085625,0.5308125,18.3520625,16,16,37,15.97297297,0.336899936,10.95112391,23.17222222,0.039377679,74.0,0.250515613,0.376579586,2.470787408,ON_20170920_MW1147-18_07_00_000.h5,TC,131860-33-8,True
20170920,MW1147-18,7,E4,Azoxystrobin,0.03,uM,0.902163063,2.61375,0.031475814,77.43186667,0.420866667,26.60066667,16,15,28,15.57142857,0.268707483,14.07066052,29.4462963,0.035399145,65.42857143,0.228682804,0.302568832,1.98133702,ON_20170920_MW1147-18_07_00_000.h5,TC,131860-33-8,True
20170920,MW1147-18,7,E5,Azoxystrobin,0.1,uM,1.090393173,2.652,0.03420247,77.3682,0.582866667,25.6424,15,15,24,14.95833333,0.379681713,10.4217356,35.0,0.094688986,64.25,0.226083588,0.390289013,2.205382249,ON_20170920_MW1147-18_07_00_000.h5,TC,131860-33-8,True
20170920,MW1147-18,7,E6,Azoxystrobin,0.3,uM,1.074072937,3.11625,0.033523064,76.3984375,0.5083125,24.4565625,16,16,29,15.93103448,0.292086754,12.6895039,29.91428571,0.041602638,67.82758621,0.236413141,0.607355961,1.825102779,ON_20170920_MW1147-18_07_00_000.h5,TC,131860-33-8,True
20170920,MW1147-18,7,E7,Azoxystrobin,1.0,uM,1.148421705,1.96875,0.030152294,73.6443125,0.688625,31.5758125,16,16,22,15.72727273,0.364583005,12.88765536,40.69285714,0.069797516,97.09090909,0.275151076,0.485778957,2.182402294,ON_20170920_MW1147-18_07_00_000.h5,TC,131860-33-8,True
20170920,MW1147-18,7,F1,Trifloxystrobin,0.001,uM,1.203022665,3.09,0.028267208,83.2205625,0.4764375,24.52775,16,16,28,15.67857143,0.357216167,14.26102984,31.44259259,0.057043979,88.42857143,0.289722929,0.635725595,2.982861301,ON_20170920_MW1147-18_07_00_000.h5,TC,141517-21-7,True
20170920,MW1147-18,7,F2,Trifloxystrobin,0.0,uM,2.050723349,3.53625,0.03258532,69.6695,0.706375,21.2640625,16,16,37,15.83783784,0.373858859,12.00837951,23.28333333,0.084595024,96.05405405,0.238681503,0.269470616,1.834604029,ON_20170920_MW1147-18_07_00_000.h5,TC,141517-21-7,True
20170920,MW1147-18,7,F3,Trifloxystrobin,0.003,uM,1.633594191,3.6825,0.02810878,81.191375,0.5939375,20.311,16,16,39,15.07692308,0.367514754,11.32083475,23.05394737,0.085984677,68.43589744,0.2714079,0.371671367,2.45437164,ON_20170920_MW1147-18_07_00_000.h5,TC,141517-21-7,True
20170920,MW1147-18,7,F4,Trifloxystrobin,0.01,uM,2.077885248,5.25,0.038798706,75.904875,0.6189375,15.25325,16,16,33,15.57575758,0.423771044,9.793917567,23.7375,0.117136847,89.0,0.22769518,0.254800202,2.119637866,ON_20170920_MW1147-18_07_00_000.h5,TC,141517-21-7,True
20170920,MW1147-18,7,F5,Trifloxystrobin,0.03,uM,1.743756939,3.084,0.042315634,65.76506667,0.719466667,26.3632,15,15,34,14.52941176,0.352683532,8.614200533,24.41212121,0.093739008,59.91176471,0.160994001,0.280968568,2.154253884,ON_20170920_MW1147-18_07_00_000.h5,TC,141517-21-7,True
20170920,MW1147-18,7,F6,Trifloxystrobin,0.1,uM,1.904363213,4.008,0.033287802,69.5754,0.6044,18.734,15,15,31,14.90322581,0.362135497,9.583672836,27.20333333,0.076542799,79.67741935,0.198180556,0.432328392,1.433519462,ON_20170920_MW1147-18_07_00_000.h5,TC,141517-21-7,True
20170920,MW1147-18,7,F7,Trifloxystrobin,0.3,uM,2.159163072,4.11375,0.0323478,75.4573125,0.684625,17.7350625,16,16,36,15.80555556,0.394793871,10.10878983,24.24285714,0.047463786,87.5,0.247789778,0.352947677,2.296703539,ON_20170920_MW1147-18_07_00_000.h5,TC,141517-21-7,True
20170920,MW1147-18,7,F8,Trifloxystrobin,1.0,uM,1.082142137,2.094545455,0.055987989,39.36014286,0.451428571,22.22285714,11,7,36,10.52777778,0.127574956,8.059149723,25.19714286,0.031108604,24.22222222,0.051584129,0.761314586,1.900132457,ON_20170920_MW1147-18_07_00_000.h5,TC,141517-21-7,True
20170920,MW1147-18,7,C8,IPBC,10.0,uM,0.0,0.0,,0.0,,,0,0,0,,,0.0,,,,0.0,0.0,0.0,ON_20170920_MW1147-18_07_00_000.h5,TC,55406-53-6,True
20170920,MW1147-18,7,E8,Azoxystrobin,3.0,uM,0.0,0.0,,0.0,,,0,0,0,,,0.0,,,,0.0,0.0,0.0,ON_20170920_MW1147-18_07_00_000.h5,TC,131860-33-8,True
20170920,MW1147-19,5,A1,Picoxystrobin,0.0003,uM,0.85353057,2.952,0.048043245,64.10818182,0.485181818,35.267,15,11,21,12.66666667,0.263574263,4.024329868,52.0575,0.051732767,27.0952381,0.067766351,0.424322073,1.29530493,ON_20170920_MW1147-19_05_00_000.h5,TC,117428-22-5,True
20170920,MW1147-19,5,A2,Picoxystrobin,0.0,uM,0.979795086,2.55375,0.040612068,48.34057143,0.411785714,41.01978571,16,14,20,14.8,0.232422619,7.050984936,52.66315789,0.029459461,60.85,0.08910711,0.291201688,1.026455142,ON_20170920_MW1147-19_05_00_000.h5,TC,117428-22-5,True
20170920,MW1147-19,5,A3,Picoxystrobin,0.001,uM,1.089752391,1.9275,0.05364295,48.18866667,0.6774,47.3986,16,15,17,15.47058824,0.264410014,5.104964317,67.365625,0.046398146,57.64705882,0.093780674,0.333116569,1.129595592,ON_20170920_MW1147-19_05_00_000.h5,TC,117428-22-5,True
20170920,MW1147-19,5,A4,Picoxystrobin,0.003,uM,0.539861066,0.992307692,0.051278387,41.8035,0.377916667,61.66991667,13,12,17,14.11764706,0.168082983,7.976008167,65.5875,0.030110362,36.76470588,0.094198288,0.313210876,0.936997735,ON_20170920_MW1147-19_05_00_000.h5,TC,117428-22-5,True
20170920,MW1147-19,5,A5,Picoxystrobin,0.01,uM,0.742704462,1.405714286,0.059646268,51.75033333,0.460444444,39.40433333,14,9,17,13.0,0.191929272,4.011758603,61.71875,0.048721493,27.29411765,0.059642706,0.407648599,0.937242616,ON_20170920_MW1147-19_05_00_000.h5,TC,117428-22-5,True
20170920,MW1147-19,5,A6,Picoxystrobin,0.03,uM,0.77911307,1.452,0.046196295,61.694,0.563555556,69.83433333,10,9,12,14.5,0.145367063,5.181405896,88.66818182,0.025734978,38.08333333,0.124814294,0.623560276,1.869353283,ON_20170920_MW1147-19_05_00_000.h5,TC,117428-22-5,True
20170920,MW1147-19,5,A7,Picoxystrobin,0.1,uM,0.30222648,1.035,0.031712521,76.1287,0.2521,54.1607,12,10,18,12.44444444,0.166000882,15.18554688,59.97647059,0.030079377,34.55555556,0.1303466,0.572477561,1.00950784,ON_20170920_MW1147-19_05_00_000.h5,TC,117428-22-5,True
20170920,MW1147-19,5,A8,Picoxystrobin,0.3,uM,0.52781777,1.47,0.066873961,47.477,0.411833333,50.7345,8,6,4,7.5,0.120848214,0.74875208,285.9,0.026150148,9.0,0.014807154,0.772818303,1.543489318,ON_20170920_MW1147-19_05_00_000.h5,TC,117428-22-5,True
20170920,MW1147-19,5,B1,Fluoxastrobin,0.001,uM,0.816274244,1.632857143,0.042595703,48.69992308,0.461076923,41.33353846,14,13,23,13.13043478,0.301592909,6.415422296,47.65454545,0.043793579,35.30434783,0.076366431,0.398404939,0.906909881,ON_20170920_MW1147-19_05_00_000.h5,TC,361377-29-9,True
20170920,MW1147-19,5,B2,Fluoxastrobin,0.0,uM,1.155204519,1.76625,0.040745963,50.1094375,0.635375,58.792625,16,16,14,15.78571429,0.389356576,3.464373464,69.71923077,0.038508091,50.35714286,0.128335507,0.425301994,1.109500205,ON_20170920_MW1147-19_05_00_000.h5,TC,361377-29-9,True
20170920,MW1147-19,5,B3,Fluoxastrobin,0.003,uM,0.714183197,1.53375,0.042978618,47.83446667,0.401533333,47.97133333,16,15,17,15.05882353,0.225788399,5.714967014,58.915625,0.03186262,42.29411765,0.0990945,0.320909682,0.97193591,ON_20170920_MW1147-19_05_00_000.h5,TC,361377-29-9,True
20170920,MW1147-19,5,B4,Fluoxastrobin,0.01,uM,1.186269062,2.764615385,0.04957718,59.52658333,0.625583333,44.22658333,13,12,18,13.44444444,0.303882275,4.305995541,60.47352941,0.038819643,40.77777778,0.106264295,0.701334333,1.028185484,ON_20170920_MW1147-19_05_00_000.h5,TC,361377-29-9,True
20170920,MW1147-19,5,B5,Fluoxastrobin,0.03,uM,0.749038016,1.38,0.048426349,46.5099375,0.4489375,54.0623125,16,16,19,14.52631579,0.281976817,7.389162562,57.43055556,0.039466513,51.31578947,0.101224416,0.30970188,0.841919293,ON_20170920_MW1147-19_05_00_000.h5,TC,361377-29-9,True
20170920,MW1147-19,5,B6,Fluoxastrobin,0.1,uM,1.556137122,3.996,0.079125007,46.4389,0.6224,39.2297,10,10,12,9.666666667,0.206448413,1.41827616,93.29090909,0.044086609,20.5,0.017115103,0.510545948,1.168593854,ON_20170920_MW1147-19_05_00_000.h5,TC,361377-29-9,True
20170920,MW1147-19,5,B7,Fluoxastrobin,0.3,uM,0.435464483,0.813333333,0.074706861,42.422,0.429,24.0675,9,2,0,,,0.0,,,,0.002554906,0.795124108,0.995651608,ON_20170920_MW1147-19_05_00_000.h5,TC,361377-29-9,True
20170920,MW1147-19,5,B8,Fluoxastrobin,1.0,uM,1.134276489,1.98,0.068483339,37.852,0.534,22.12266667,6,3,3,6.0,0.205833333,0.360406745,272.525,0.072298571,9.333333333,0.006231561,0.960509066,2.371862848,ON_20170920_MW1147-19_05_00_000.h5,TC,361377-29-9,True
20170920,MW1147-19,5,C1,IPBC,0.01,uM,0.734221879,1.2375,0.038172401,43.17125,0.398875,57.01225,16,16,16,15.625,0.266063988,6.873357043,66.12333333,0.029327705,55.5625,0.10579351,0.458335956,0.715925703,ON_20170920_MW1147-19_05_00_000.h5,TC,55406-53-6,True
20170920,MW1147-19,5,C2,IPBC,0.0,uM,1.564233691,4.26,0.048599655,51.39557143,0.480785714,34.58328571,14,14,21,14.04761905,0.316986017,3.678625986,52.165,0.045437459,42.42857143,0.077776154,0.383089933,0.996977183,ON_20170920_MW1147-19_05_00_000.h5,TC,55406-53-6,True
20170920,MW1147-19,5,C3,IPBC,0.03,uM,0.734370347,1.430769231,0.048637144,50.36172727,0.473,48.418,13,11,18,12.38888889,0.25248071,4.681453516,62.83529412,0.067425495,27.55555556,0.071096616,0.568871402,1.212743227,ON_20170920_MW1147-19_05_00_000.h5,TC,55406-53-6,True
20170920,MW1147-19,5,C4,IPBC,0.1,uM,0.775941116,1.449230769,0.043172116,46.90725,0.492166667,48.07825,13,12,20,12.7,0.303943452,5.251386652,50.95263158,0.037384768,29.35,0.085706737,0.388406401,0.947537164,ON_20170920_MW1147-19_05_00_000.h5,TC,55406-53-6,True
20170920,MW1147-19,5,C5,IPBC,0.3,uM,0.78221416,1.667142857,0.042202338,48.54,0.410538462,39.97123077,14,13,22,12.95454545,0.287849026,6.012057148,49.24761905,0.063930652,33.09090909,0.079991379,0.535751976,0.78298967,ON_20170920_MW1147-19_05_00_000.h5,TC,55406-53-6,True
20170920,MW1147-19,5,C6,IPBC,1.0,uM,1.131400305,3.075,0.059510043,56.8464,0.6141,38.0766,12,10,17,11.70588235,0.345843838,2.408044456,63.959375,0.073121579,21.41176471,0.048166918,0.371645866,1.43808261,ON_20170920_MW1147-19_05_00_000.h5,TC,55406-53-6,True
20170920,MW1147-19,5,C7,IPBC,3.0,uM,0.509538858,0.0,,0.0,,,3,0,0,,,0.0,,,,0.000352609,1.196004817,0.811778283,ON_20170920_MW1147-19_05_00_000.h5,TC,55406-53-6,True
20170920,MW1147-19,5,D1,Pyraclostrobin,0.0003,uM,0.89149621,1.78,0.044894849,44.36184615,0.415230769,55.40492308,15,13,14,15.07142857,0.233205782,4.826841288,70.28846154,0.029200108,51.07142857,0.083370098,0.381095611,0.927418975,ON_20170920_MW1147-19_05_00_000.h5,TC,175013-18-0,True
20170920,MW1147-19,5,D2,Pyraclostrobin,0.0,uM,0.942783128,2.448,0.049549684,50.02861538,0.505076923,38.30684615,15,13,19,13.73684211,0.309370301,4.258188825,59.24722222,0.049387808,34.89473684,0.081393348,0.285462765,0.921258054,ON_20170920_MW1147-19_05_00_000.h5,TC,175013-18-0,True
20170920,MW1147-19,5,D3,Pyraclostrobin,0.001,uM,1.084813678,2.16375,0.059680822,35.72438462,0.503692308,46.68376923,16,13,14,13.28571429,0.276152211,1.962323391,76.43076923,0.041345061,26.78571429,0.032964087,0.242207142,0.900174152,ON_20170920_MW1147-19_05_00_000.h5,TC,175013-18-0,True
20170920,MW1147-19,5,D4,Pyraclostrobin,0.003,uM,1.02646497,1.82,0.061321677,38.36284615,0.497923077,47.44176923,15,13,17,13.0,0.278988095,2.848213233,65.603125,0.064762924,28.41176471,0.042535647,0.352319304,1.101398226,ON_20170920_MW1147-19_05_00_000.h5,TC,175013-18-0,True
20170920,MW1147-19,5,D5,Pyraclostrobin,0.01,uM,1.067745792,3.55,0.059592639,48.9709,0.4368,36.0892,12,10,16,11.625,0.23609747,2.956631402,68.63,0.098437702,26.375,0.045150304,0.491708191,1.276192205,ON_20170920_MW1147-19_05_00_000.h5,TC,175013-18-0,True
20170920,MW1147-19,5,D6,Pyraclostrobin,0.03,uM,0.671839525,1.518461538,0.05398888,40.66881818,0.428090909,45.693,13,11,16,10.9375,0.270286458,3.773390911,63.16333333,0.075754632,22.9375,0.043678383,0.324239746,0.988135297,ON_20170920_MW1147-19_05_00_000.h5,TC,175013-18-0,True
20170920,MW1147-19,5,D7,Pyraclostrobin,0.1,uM,0.580124328,0.677142857,0.05687077,43.1886,0.544,72.4424,7,5,5,7.6,0.25325,1.42088267,131.3875,0.093154777,13.2,0.033223304,0.916563018,1.2915336,ON_20170920_MW1147-19_05_00_000.h5,TC,175013-18-0,True
20170920,MW1147-19,5,E1,Azoxystrobin,0.003,uM,0.523787327,1.63125,0.036029678,63.01707143,0.369071429,61.93778571,16,14,14,15.5,0.235334467,8.724395795,77.9,0.023036313,57.5,0.156763344,0.393785091,0.88642265,ON_20170920_MW1147-19_05_00_000.h5,TC,131860-33-8,True
20170920,MW1147-19,5,E2,Azoxystrobin,0.0,uM,0.971523351,2.125714286,0.050278402,56.21575,0.507166667,34.79458333,14,12,16,14.1875,0.31499814,5.380124718,62.55,0.061260211,50.6875,0.096100154,0.458092792,1.266704864,ON_20170920_MW1147-19_05_00_000.h5,TC,131860-33-8,True
20170920,MW1147-19,5,E3,Azoxystrobin,0.01,uM,1.034699941,2.32,0.052901501,44.85686667,0.493,39.2106,15,15,18,14.16666667,0.314141865,4.359990674,58.40588235,0.064124973,41.55555556,0.066403764,0.392777643,1.041647205,ON_20170920_MW1147-19_05_00_000.h5,TC,131860-33-8,True
20170920,MW1147-19,5,E4,Azoxystrobin,0.03,uM,1.059949817,2.116,0.047412022,49.91684615,0.515153846,53.23030769,15,13,13,14.92307692,0.316952076,4.372580278,87.775,0.088835445,59.07692308,0.086792541,0.476499196,0.820641837,ON_20170920_MW1147-19_05_00_000.h5,TC,131860-33-8,True
20170920,MW1147-19,5,E5,Azoxystrobin,0.1,uM,0.855104902,1.832,0.039959465,58.04814286,0.482571429,51.55092857,15,14,15,15.6,0.346687831,6.498551953,73.14285714,0.063221838,61.33333333,0.150949839,0.638976131,1.008917416,ON_20170920_MW1147-19_05_00_000.h5,TC,131860-33-8,True
20170920,MW1147-19,5,E6,Azoxystrobin,0.3,uM,0.629203287,1.4,0.04984194,45.5343,0.4213,51.9465,12,10,15,12.8,0.230454365,5.219650449,70.61785714,0.063157419,29.46666667,0.071315459,0.504351303,0.937432546,ON_20170920_MW1147-19_05_00_000.h5,TC,131860-33-8,True
20170920,MW1147-19,5,E7,Azoxystrobin,1.0,uM,1.371213572,3.372,0.069845001,34.23183333,0.614166667,44.2025,10,6,17,10.11764706,0.191102941,1.801624738,64.65625,0.034214252,16.17647059,0.037131309,0.431661555,1.649486776,ON_20170920_MW1147-19_05_00_000.h5,TC,131860-33-8,True
20170920,MW1147-19,5,F1,Trifloxystrobin,0.001,uM,1.020326586,2.09625,0.038649862,57.2403125,0.4725,45.049875,16,16,19,15.36842105,0.339685673,6.498275287,55.45277778,0.040973474,61.47368421,0.125587522,0.461480069,1.205025608,ON_20170920_MW1147-19_05_00_000.h5,TC,141517-21-7,True
20170920,MW1147-19,5,F2,Trifloxystrobin,0.0,uM,0.749442953,1.288,0.043408928,48.98128571,0.512428571,53.44028571,15,14,16,15.5625,0.314089162,8.241935484,72.48,0.037200334,63.875,0.116774203,0.351311475,0.904520397,ON_20170920_MW1147-19_05_00_000.h5,TC,141517-21-7,True
20170920,MW1147-19,5,F3,Trifloxystrobin,0.003,uM,1.299611707,2.032,0.051853528,44.80053333,0.611466667,51.31066667,15,15,15,15.66666667,0.335836941,3.931146778,72.58214286,0.048396307,56.33333333,0.09433837,0.424944499,0.839188604,ON_20170920_MW1147-19_05_00_000.h5,TC,141517-21-7,True
20170920,MW1147-19,5,F4,Trifloxystrobin,0.01,uM,0.569484606,0.996,0.040285339,55.62769231,0.455384615,57.30930769,15,13,16,14.75,0.239751984,8.380125013,63.61,0.034650175,49.4375,0.115674704,0.517364929,0.768476134,ON_20170920_MW1147-19_05_00_000.h5,TC,141517-21-7,True
20170920,MW1147-19,5,F5,Trifloxystrobin,0.03,uM,0.537808728,1.0575,0.026458333,67.907625,0.3715,56.539375,16,16,17,15.88235294,0.224926099,16.82499472,62.325,0.02802084,93.76470588,0.222432817,0.377653505,0.769442851,ON_20170920_MW1147-19_05_00_000.h5,TC,141517-21-7,True
20170920,MW1147-19,5,F6,Trifloxystrobin,0.1,uM,0.660870432,1.490769231,0.051153039,48.00733333,0.427333333,41.61888889,13,9,17,10.23529412,0.225710784,4.909724422,64.596875,0.034269651,27.35294118,0.041070706,0.348749176,0.86923819,ON_20170920_MW1147-19_05_00_000.h5,TC,141517-21-7,True
20170920,MW1147-19,5,F7,Trifloxystrobin,0.3,uM,0.395641937,0.732,0.028980692,60.1626,0.3482,77.4281,10,10,13,13.69230769,0.19316163,13.86655075,81.40416667,0.042424731,49.07692308,0.131926234,0.596499407,1.651882565,ON_20170920_MW1147-19_05_00_000.h5,TC,141517-21-7,True
20170920,MW1147-19,5,F8,Trifloxystrobin,1.0,uM,0.540420001,0.39,0.058988387,16.159,0.422,80.287,2,1,0,,,0.0,,,,0.014164459,1.220079488,2.358349616,ON_20170920_MW1147-19_05_00_000.h5,TC,141517-21-7,True
20170920,MW1147-19,5,C8,IPBC,10.0,uM,0.0,0.0,,0.0,,,0,0,0,,,0.0,,,,0.0,0.0,0.0,ON_20170920_MW1147-19_05_00_000.h5,TC,55406-53-6,True
20170920,MW1147-19,5,D8,Pyraclostrobin,0.3,uM,0.0,0.0,,0.0,,,0,0,0,,,0.0,,,,0.0,0.0,0.0,ON_20170920_MW1147-19_05_00_000.h5,TC,175013-18-0,True
20170920,MW1147-19,5,E8,Azoxystrobin,3.0,uM,0.0,0.0,,0.0,,,0,0,0,,,0.0,,,,0.0,0.0,0.0,ON_20170920_MW1147-19_05_00_000.h5,TC,131860-33-8,True
20170920,MW1147-19,7,A1,Picoxystrobin,0.0003,uM,1.615931356,3.81375,0.037964101,78.6516875,0.717,17.9249375,16,16,32,15.40625,0.401385789,8.89219647,27.77258065,0.092631413,65.34375,0.242303479,0.245061145,0.740642023,ON_20170920_MW1147-19_07_00_000.h5,TC,117428-22-5,True
20170920,MW1147-19,7,A2,Picoxystrobin,0.0,uM,2.086588973,4.7925,0.035439386,79.381875,0.754,15.976625,16,16,34,15.23529412,0.47121557,8.957976551,26.98181818,0.144680159,80.0,0.224940473,0.392689581,1.397626852,ON_20170920_MW1147-19_07_00_000.h5,TC,117428-22-5,True
20170920,MW1147-19,7,A3,Picoxystrobin,0.001,uM,1.861052647,3.33,0.035114413,75.824,0.7564375,21.4270625,16,16,33,15.39393939,0.447512025,7.953622332,27.9171875,0.094035201,65.27272727,0.27710689,0.312073024,1.000119753,ON_20170920_MW1147-19_07_00_000.h5,TC,117428-22-5,True
20170920,MW1147-19,7,A4,Picoxystrobin,0.003,uM,1.364419182,3.135,0.037895633,72.2430625,0.5434375,22.248875,16,16,34,14.85294118,0.315347222,10.27449005,25.98030303,0.076561356,60.0,0.207158082,0.325699675,0.836895914,ON_20170920_MW1147-19_07_00_000.h5,TC,117428-22-5,True
20170920,MW1147-19,7,A5,Picoxystrobin,0.01,uM,1.278314059,3.46125,0.033443819,77.889875,0.4961875,18.348125,16,16,39,15.23076923,0.301321225,13.70820342,21.62631579,0.066541398,65.38461538,0.244193697,0.394161944,1.848666658,ON_20170920_MW1147-19_07_00_000.h5,TC,117428-22-5,True
20170920,MW1147-19,7,A6,Picoxystrobin,0.03,uM,1.185474456,2.89875,0.032166307,75.5465,0.4464375,24.24175,16,16,31,15.19354839,0.276207408,11.04863486,27.96166667,0.05073283,61.48387097,0.263459667,0.390636924,1.818807334,ON_20170920_MW1147-19_07_00_000.h5,TC,117428-22-5,True
20170920,MW1147-19,7,A7,Picoxystrobin,0.1,uM,1.432588602,3.0225,0.030457334,70.5051875,0.5151875,30.2875625,16,16,29,15.31034483,0.30139881,9.723221567,30.19107143,0.051764205,69.89655172,0.21802004,0.381549202,1.876862273,ON_20170920_MW1147-19_07_00_000.h5,TC,117428-22-5,True
20170920,MW1147-19,7,A8,Picoxystrobin,0.3,uM,0.874034582,2.312,0.038927941,72.8825,0.568916667,30.68208333,15,12,28,13.39285714,0.239123087,10.83368245,31.47037037,0.057309356,46.17857143,0.180729284,0.358303923,1.154971024,ON_20170920_MW1147-19_07_00_000.h5,TC,117428-22-5,True
20170920,MW1147-19,7,B1,Fluoxastrobin,0.001,uM,1.767786985,3.704,0.035735386,70.057,0.677933333,20.67793333,15,15,35,15.05714286,0.357170068,10.29290088,25.78823529,0.063378587,71.08571429,0.193612265,0.337854807,1.051264284,ON_20170920_MW1147-19_07_00_000.h5,TC,361377-29-9,True
20170920,MW1147-19,7,B2,Fluoxastrobin,0.0,uM,2.591606176,3.29625,0.034597436,73.73725,4.629125,17.032125,16,16,37,15.75675676,0.442134813,7.48548246,22.87083333,0.068665928,76.2972973,0.254685234,0.234441967,0.754413726,ON_20170920_MW1147-19_07_00_000.h5,TC,361377-29-9,True
20170920,MW1147-19,7,B3,Fluoxastrobin,0.003,uM,1.356516478,2.685,0.030175711,67.6725,0.454,21.7375625,16,16,35,15.22857143,0.288519687,11.95035461,24.68382353,0.057479921,67.4,0.210965729,0.338719582,0.644378159,ON_20170920_MW1147-19_07_00_000.h5,TC,361377-29-9,True
20170920,MW1147-19,7,B4,Fluoxastrobin,0.01,uM,1.368519426,3.088,0.030679338,76.12935714,0.5055,18.759,15,14,41,14.73170732,0.335217616,12.3428388,22.08375,0.060858512,56.26829268,0.217763844,0.335198199,1.472931926,ON_20170920_MW1147-19_07_00_000.h5,TC,361377-29-9,True
20170920,MW1147-19,7,B5,Fluoxastrobin,0.03,uM,1.53415554,3.50625,0.034585561,75.0533125,0.5424375,18.3449375,16,16,36,15.58333333,0.364225088,12.27771557,24.24714286,0.052398654,76.13888889,0.22740615,0.375319177,0.876765455,ON_20170920_MW1147-19_07_00_000.h5,TC,361377-29-9,True
20170920,MW1147-19,7,B6,Fluoxastrobin,0.1,uM,1.113250605,2.4825,0.042779267,67.549,0.590857143,26.11514286,16,14,26,13.5,0.34040293,8.395061728,33.07,0.071078061,52.30769231,0.134819928,0.293108669,0.72602609,ON_20170920_MW1147-19_07_00_000.h5,TC,361377-29-9,True
20170920,MW1147-19,7,B7,Fluoxastrobin,0.3,uM,0.994799895,2.353846154,0.043413908,74.095,0.560333333,33.83541667,13,12,20,12.1,0.295886905,5.242309313,42.81315789,0.106251787,31.1,0.101150864,0.717713208,1.649276453,ON_20170920_MW1147-19_07_00_000.h5,TC,361377-29-9,True
20170920,MW1147-19,7,B8,Fluoxastrobin,1.0,uM,1.239290731,2.264,0.048937739,60.60657143,0.608785714,37.84507143,15,14,18,15.11111111,0.265643188,5.575221239,48.43235294,0.069489203,52.5,0.126217742,0.375026181,1.048218575,ON_20170920_MW1147-19_07_00_000.h5,TC,361377-29-9,True
20170920,MW1147-19,7,C1,IPBC,0.01,uM,1.503575508,3.13125,0.031968719,69.8161875,0.547,21.2653125,16,16,33,15.78787879,0.376396705,11.11974406,26.56875,0.070344747,73.72727273,0.240350535,0.322615348,1.343041886,ON_20170920_MW1147-19_07_00_000.h5,TC,55406-53-6,True
20170920,MW1147-19,7,C2,IPBC,0.0,uM,2.160393365,4.99125,0.037801852,76.8265625,0.681,16.6584375,16,16,34,15.79411765,0.417351774,7.716775876,25.74393939,0.059100391,71.35294118,0.247236937,0.383012949,0.658937843,ON_20170920_MW1147-19_07_00_000.h5,TC,55406-53-6,True
20170920,MW1147-19,7,C3,IPBC,0.03,uM,1.387852421,3.0225,0.037259798,66.8418,0.560733333,21.53833333,16,15,34,15.5,0.333770133,8.774014656,25.96666667,0.04154693,52.11764706,0.190223294,0.43356265,1.302887332,ON_20170920_MW1147-19_07_00_000.h5,TC,55406-53-6,True
20170920,MW1147-19,7,C4,IPBC,0.1,uM,1.719078835,3.8175,0.041053292,70.69166667,0.6424,18.1944,16,15,39,14.74358974,0.3169971,8.826351135,22.49736842,0.065582955,56.61538462,0.162175799,0.401894787,0.905836847,ON_20170920_MW1147-19_07_00_000.h5,TC,55406-53-6,True
20170920,MW1147-19,7,C5,IPBC,0.3,uM,1.289240407,3.27375,0.03034682,79.5104375,0.4819375,22.7328125,16,16,33,15.90909091,0.322867665,12.7338628,27.8453125,0.039987579,72.39393939,0.253286257,0.384140792,0.733069978,ON_20170920_MW1147-19_07_00_000.h5,TC,55406-53-6,True
20170920,MW1147-19,7,C6,IPBC,1.0,uM,1.38709651,3.25125,0.038678315,73.466875,0.610875,23.2594375,16,16,36,15.30555556,0.288021109,9.378251177,24.54857143,0.038904913,52.58333333,0.198573393,0.344783287,0.884151285,ON_20170920_MW1147-19_07_00_000.h5,TC,55406-53-6,True
20170920,MW1147-19,7,C7,IPBC,3.0,uM,1.638594939,1.158,0.1038794,32.4486,3.6922,40.78,10,5,4,6.25,0.197708333,0.247359273,177.1,0.020975901,9.25,0.004073725,0.345598094,2.017704771,ON_20170920_MW1147-19_07_00_000.h5,TC,55406-53-6,True
20170920,MW1147-19,7,D1,Pyraclostrobin,0.0003,uM,1.842223593,3.43875,0.034450924,65.42425,0.623,19.097,16,16,35,15.37142857,0.385821429,8.665323784,23.38970588,0.061411644,66.37142857,0.206755269,0.314717537,1.278475477,ON_20170920_MW1147-19_07_00_000.h5,TC,175013-18-0,True
20170920,MW1147-19,7,D2,Pyraclostrobin,0.0,uM,2.113398613,3.132,0.040805474,69.3644,1.135333333,21.23993333,15,15,26,15.03846154,0.360833333,6.49557829,32.52,0.040665589,72.03846154,0.182979913,0.383048002,0.773853562,ON_20170920_MW1147-19_07_00_000.h5,TC,175013-18-0,True
20170920,MW1147-19,7,D3,Pyraclostrobin,0.001,uM,1.807520411,4.14,0.044451757,68.1606875,0.6693125,18.8213125,16,16,38,15.34210526,0.324018118,8.991369806,23.3,0.057619213,62.23684211,0.165567506,0.367988329,0.6724955,ON_20170920_MW1147-19_07_00_000.h5,TC,175013-18-0,True
20170920,MW1147-19,7,D4,Pyraclostrobin,0.003,uM,1.613123033,3.552,0.039962005,63.58813333,0.617933333,26.69273333,15,15,31,14.93548387,0.313710958,7.051572555,28.98166667,0.045559814,50.19354839,0.163292291,0.464734597,0.86874514,ON_20170920_MW1147-19_07_00_000.h5,TC,175013-18-0,True
20170920,MW1147-19,7,D5,Pyraclostrobin,0.01,uM,1.121570206,3.172,0.037158676,67.09646667,0.465666667,28.1168,15,15,27,14.77777778,0.281073633,9.345611285,29.53653846,0.033714194,53.0,0.169794808,0.414090467,0.722710352,ON_20170920_MW1147-19_07_00_000.h5,TC,175013-18-0,True
20170920,MW1147-19,7,D6,Pyraclostrobin,0.03,uM,1.673376004,3.376,0.032298282,67.8086,0.527266667,20.09026667,15,15,37,15.02702703,0.33559926,9.97681844,23.91805556,0.058020505,61.64864865,0.191389121,0.440544164,0.685518883,ON_20170920_MW1147-19_07_00_000.h5,TC,175013-18-0,True
20170920,MW1147-19,7,D7,Pyraclostrobin,0.1,uM,0.696867391,1.392,0.027545551,58.4513,0.3271,48.5182,10,10,19,12.42105263,0.227996554,13.29656863,49.25277778,0.056512904,45.68421053,0.148018569,0.525635265,1.175438178,ON_20170920_MW1147-19_07_00_000.h5,TC,175013-18-0,True
20170920,MW1147-19,7,D8,Pyraclostrobin,0.3,uM,0.512736657,0.94,0.042134488,84.091,0.255,21.386,3,1,0,,,0.0,,,,0.0018101,1.910261146,2.103171463,ON_20170920_MW1147-19_07_00_000.h5,TC,175013-18-0,True
20170920,MW1147-19,7,E1,Azoxystrobin,0.003,uM,1.490312708,2.82375,0.030450146,73.65875,0.6311875,24.437375,16,16,23,15.82608696,0.38354696,7.898741181,35.07727273,0.07197708,74.47826087,0.259728671,0.393457398,1.125070296,ON_20170920_MW1147-19_07_00_000.h5,TC,131860-33-8,True
20170920,MW1147-19,7,E2,Azoxystrobin,0.0,uM,1.632767554,3.40875,0.031092405,72.74925,0.6415625,21.858625,16,16,31,15.87096774,0.402670542,11.83501684,28.72833333,0.064057664,90.70967742,0.256168185,0.343828253,0.57427317,ON_20170920_MW1147-19_07_00_000.h5,TC,131860-33-8,True
20170920,MW1147-19,7,E3,Azoxystrobin,0.01,uM,1.683894618,3.09375,0.036701932,64.754375,0.6751875,20.4543125,16,16,34,15.73529412,0.417010679,7.46000653,26.4969697,0.077700757,53.76470588,0.198371221,0.448085516,1.121692419,ON_20170920_MW1147-19_07_00_000.h5,TC,131860-33-8,True
20170920,MW1147-19,7,E4,Azoxystrobin,0.03,uM,2.836590028,5.06625,0.040156835,73.4684375,0.9855,15.8679375,16,16,35,15.97142857,0.424710317,6.759048404,24.57352941,0.075553173,79.71428571,0.208593199,0.336378569,1.048716605,ON_20170920_MW1147-19_07_00_000.h5,TC,131860-33-8,True
20170920,MW1147-19,7,E5,Azoxystrobin,0.1,uM,1.570095668,3.16125,0.031988201,76.193875,0.65475,20.313,16,16,30,16.0,0.351397487,10.22846639,27.95862069,0.043042462,77.9,0.267500338,0.479240111,0.808832003,ON_20170920_MW1147-19_07_00_000.h5,TC,131860-33-8,True
20170920,MW1147-19,7,E6,Azoxystrobin,0.3,uM,1.531887807,3.2025,0.039445323,72.65006667,0.697733333,22.9246,16,15,31,15.16129032,0.327772657,8.088103355,28.29666667,0.051781777,58.16129032,0.18407512,0.34990997,0.959640422,ON_20170920_MW1147-19_07_00_000.h5,TC,131860-33-8,True
20170920,MW1147-19,7,E7,Azoxystrobin,1.0,uM,1.343597273,2.72,0.036796238,65.72678571,0.556357143,22.92692857,15,14,31,14.93548387,0.331357527,10.43615401,28.75333333,0.057716279,61.90322581,0.178236459,0.411686199,0.609836606,ON_20170920_MW1147-19_07_00_000.h5,TC,131860-33-8,True
20170920,MW1147-19,7,F1,Trifloxystrobin,0.001,uM,1.870192297,3.945,0.033929608,78.521,0.7023125,16.918125,16,16,32,15.6875,0.46859747,9.524159471,26.57741935,0.117450445,81.0,0.239509579,0.328004255,1.021994612,ON_20170920_MW1147-19_07_00_000.h5,TC,141517-21-7,True
20170920,MW1147-19,7,F2,Trifloxystrobin,0.0,uM,1.479111482,3.4875,0.035257091,75.974125,0.5826875,19.1718125,16,16,35,15.51428571,0.374321429,8.85523137,24.28529412,0.054310944,54.45714286,0.233221406,0.32637072,0.929450992,ON_20170920_MW1147-19_07_00_000.h5,TC,141517-21-7,True
20170920,MW1147-19,7,F3,Trifloxystrobin,0.003,uM,2.152696817,4.5375,0.034327571,69.1258125,0.6274375,18.942375,16,16,36,15.86111111,0.414375,7.485794548,23.44571429,0.05369149,65.13888889,0.197661523,0.325572676,1.261241242,ON_20170920_MW1147-19_07_00_000.h5,TC,141517-21-7,True
20170920,MW1147-19,7,F4,Trifloxystrobin,0.01,uM,2.077930357,4.65375,0.035638184,67.0051875,0.596875,20.583,16,16,34,15.5,0.368232801,6.108208215,27.03636364,0.071306021,54.32352941,0.205382687,0.323075867,0.907584339,ON_20170920_MW1147-19_07_00_000.h5,TC,141517-21-7,True
20170920,MW1147-19,7,F5,Trifloxystrobin,0.03,uM,2.085352028,4.63875,0.034353148,74.832125,0.5940625,14.501625,16,16,47,14.93617021,0.435451091,10.51868451,18.81304348,0.090061461,67.91489362,0.229144501,0.277127413,0.605260999,ON_20170920_MW1147-19_07_00_000.h5,TC,141517-21-7,True
20170920,MW1147-19,7,F6,Trifloxystrobin,0.1,uM,1.664213447,3.084,0.041478066,60.8246,0.647266667,26.78253333,15,15,35,13.57142857,0.390698413,8.445990576,25.91617647,0.116116128,54.8,0.12878589,0.348353554,1.375399803,ON_20170920_MW1147-19_07_00_000.h5,TC,141517-21-7,True
20170920,MW1147-19,7,F7,Trifloxystrobin,0.3,uM,0.986669888,2.145,0.030020392,77.30826667,0.531533333,27.78186667,16,15,29,15.0,0.334220406,12.11171472,29.76964286,0.071521076,59.96551724,0.255236574,0.551171143,0.975935105,ON_20170920_MW1147-19_07_00_000.h5,TC,141517-21-7,True
20170920,MW1147-19,7,F8,Trifloxystrobin,1.0,uM,1.004069582,1.272,0.044236251,76.7745,0.41575,37.2245,5,4,7,5.285714286,0.183928571,1.704422869,104.375,0.027473532,11.28571429,0.049947706,0.599406766,1.852300995,ON_20170920_MW1147-19_07_00_000.h5,TC,141517-21-7,True
20170920,MW1147-19,7,C8,IPBC,10.0,uM,0.0,0.0,,0.0,,,0,0,0,,,0.0,,,,0.0,0.0,0.0,ON_20170920_MW1147-19_07_00_000.h5,TC,55406-53-6,True
20170920,MW1147-19,7,E8,Azoxystrobin,3.0,uM,0.0,0.0,,0.0,,,0,0,0,,,0.0,,,,0.0,0.0,0.0,ON_20170920_MW1147-19_07_00_000.h5,TC,131860-33-8,True
